CustomerID,Total_Orders,Total_Revenue,Total_Units
12346.0,1,77183.6,74215
12347.0,7,4310.0,2458
12348.0,4,1797.24,2341
12349.0,1,1757.55,631
12350.0,1,334.40000000000003,197
12352.0,8,2506.04,536
12353.0,1,89.0,20
12354.0,1,1079.4,530
12355.0,1,459.40000000000003,240
12356.0,3,2811.43,1591
12357.0,1,6207.67,2708
12358.0,2,1168.06,248
12359.0,4,6372.58,1622
12360.0,3,2662.06,1165
12361.0,1,189.9,91
12362.0,10,5226.2300000000005,2229
12363.0,2,552.0,408
12364.0,4,1313.1,1506
12365.0,2,641.38,174
12367.0,1,168.9,173
12370.0,4,3545.69,2353
12371.0,2,1887.96,591
12372.0,3,1298.04,794
12373.0,1,364.6,197
12374.0,1,742.9300000000001,342
12375.0,2,457.5,178
12377.0,2,1628.1200000000001,944
12378.0,1,4008.62,2529
12379.0,2,852.24,407
12380.0,4,2724.81,1127
12381.0,5,1845.31,808
12383.0,5,1850.56,1532
12384.0,2,585.27,126
12386.0,2,401.9,354
12388.0,6,2780.6600000000003,1462
12390.0,1,549.84,353
12391.0,1,460.89,300
12393.0,4,1582.6000000000001,816
12394.0,2,1272.48,819
12395.0,12,3018.63,2118
12397.0,2,2409.9,1263
12398.0,1,1635.6599999999999,1394
12399.0,4,1108.65,1178
12401.0,1,84.3,11
12402.0,1,225.60000000000002,94
12403.0,1,427.7,96
12405.0,1,1710.39,857
12406.0,2,3415.3,1818
12407.0,5,1708.12,1416
12408.0,5,2888.55,1409
12409.0,3,11072.67,5551
12410.0,2,693.33,211
12412.0,3,1226.88,829
12413.0,3,758.1,286
12414.0,3,562.4100000000001,300
12415.0,21,124914.53,77374
12417.0,9,3649.1,1552
12418.0,1,668.58,407
12420.0,1,600.39,345
12421.0,4,807.04,484
12422.0,3,803.5600000000001,370
12423.0,8,1859.31,1339
12424.0,2,1760.96,740
12425.0,1,777.2,496
12426.0,1,582.73,258
12427.0,3,825.8000000000001,533
12428.0,9,7956.46,3536
12429.0,4,3750.4,1557
12430.0,1,256.4,117
12431.0,15,6487.45,2906
12432.0,5,5059.32,1801
12433.0,7,13375.87,11071
12434.0,2,806.14,394
12435.0,2,7829.89,2055
12436.0,1,509.01,211
12437.0,18,4951.41,2922
12438.0,2,2906.85,1180
12441.0,1,173.55,121
12442.0,1,172.06,182
12444.0,5,5005.46,1153
12445.0,1,133.4,62
12446.0,1,1002.3100000000001,351
12447.0,1,476.49,190
12448.0,1,449.45,243
12449.0,4,4067.29,1553
12450.0,2,197.88,128
12451.0,5,9035.52,6575
12452.0,2,430.57000000000005,185
12453.0,1,707.09,473
12454.0,1,3528.34,1006
12455.0,6,2466.86,2089
12456.0,3,3181.04,1633
12457.0,7,2363.23,843
12458.0,2,947.4,506
12461.0,2,826.88,287
12462.0,2,1189.59,536
12463.0,4,1344.78,776
12464.0,8,1212.05,112
12465.0,2,742.19,479
12468.0,2,729.54,366
12471.0,30,19824.05,8212
12472.0,7,6572.11,4148
12473.0,5,3938.55,2439
12474.0,18,7375.79,4847
12475.0,1,723.38,535
12476.0,11,6816.42,2408
12477.0,6,13219.74,3653
12478.0,1,680.99,236
12479.0,1,527.2,385
12480.0,4,3281.63,1707
12481.0,10,5596.32,3304
12483.0,8,2484.98,1110
12484.0,6,4541.72,2191
12488.0,3,1298.66,529
12489.0,1,334.93,105
12490.0,10,5417.93,3064
12491.0,1,460.40000000000003,260
12492.0,2,263.21000000000004,192
12493.0,2,433.74,207
12494.0,7,1246.1,707
12497.0,1,1043.1,1236
12498.0,3,403.70000000000005,159
12500.0,11,4257.82,2678
12501.0,1,2169.39,1783
12502.0,5,3723.87,820
12504.0,2,482.04999999999995,90
12506.0,1,73.5,23
12507.0,3,1304.81,894
12508.0,2,398.27,272
12509.0,1,176.5,55
12510.0,2,982.5699999999999,353
12512.0,2,138.03,99
12513.0,1,612.29,462
12514.0,1,1017.6800000000001,440
12515.0,1,383.7,131
12516.0,2,1312.06,875
12517.0,5,2502.84,1371
12518.0,5,2056.89,1318
12519.0,1,340.84000000000003,183
12520.0,5,2634.26,1439
12521.0,1,599.68,309
12522.0,2,192.72,194
12523.0,11,1789.77,865
12524.0,8,4485.72,3699
12526.0,3,1316.66,632
12527.0,3,348.71000000000004,234
12528.0,6,1933.48,756
12530.0,4,1662.28,913
12531.0,1,125.22,45
12532.0,1,349.83000000000004,153
12534.0,1,1089.18,651
12535.0,2,716.35,219
12536.0,3,12601.830000000002,2803
12538.0,1,363.95,191
12539.0,4,5568.35,2067
12540.0,17,13400.24,6685
12541.0,3,981.18,680
12544.0,1,372.7,136
12545.0,2,1000.39,523
12546.0,2,1161.5,633
12547.0,2,207.8,134
12548.0,1,95.19999999999999,49
12550.0,1,964.83,569
12551.0,1,168.0,100
12552.0,2,437.82,88
12553.0,10,3692.28,1965
12556.0,2,603.71,358
12557.0,5,11990.960000000001,4384
12558.0,1,269.96,196
12559.0,2,561.71,283
12560.0,3,2134.01,1110
12561.0,1,238.85,177
12562.0,7,3781.7400000000002,1779
12564.0,1,456.90000000000003,133
12565.0,1,145.92000000000002,80
12566.0,1,351.65,265
12567.0,10,9401.28,4305
12569.0,32,4124.6900000000005,1801
12571.0,2,519.61,523
12572.0,2,1020.4200000000001,452
12573.0,1,160.54000000000002,84
12574.0,1,218.45000000000002,61
12576.0,5,1315.83,967
12577.0,3,657.8,472
12578.0,2,2794.51,1196
12579.0,1,440.42,285
12580.0,1,415.7,238
12581.0,1,197.71,161
12582.0,2,511.36,300
12583.0,15,7281.38,5060
12584.0,9,2338.15,416
12585.0,2,2040.1,1279
12586.0,1,196.94000000000003,79
12587.0,1,144.0,51
12588.0,1,214.89999999999998,53
12589.0,2,646.68,306
12590.0,2,9864.26,4283
12591.0,1,452.84999999999997,228
12592.0,2,437.6,290
12593.0,3,418.1,206
12594.0,10,3338.2200000000003,1777
12596.0,2,618.27,474
12597.0,4,3811.22,2236
12598.0,8,3023.08,1964
12599.0,7,1032.58,956
12600.0,10,2599.04,774
12601.0,5,577.0600000000001,245
12602.0,1,153.12,162
12603.0,1,739.1999999999999,63
12604.0,2,254.18,201
12607.0,1,1579.51,1228
12609.0,3,1126.85,648
12610.0,5,2099.54,1049
12611.0,1,1193.32,846
12612.0,1,704.04,262
12613.0,5,3344.38,1644
12614.0,1,315.6,76
12615.0,4,2291.19,1376
12616.0,2,713.3,284
12617.0,1,355.53000000000003,213
12618.0,1,177.31,96
12619.0,9,3641.24,3378
12620.0,3,1339.41,1181
12621.0,20,13689.67,7440
12622.0,1,180.1,69
12623.0,1,305.1,191
12624.0,2,641.13,355
12625.0,2,2683.82,1612
12626.0,9,6620.4800000000005,3453
12627.0,7,4478.53,2752
12628.0,3,786.46,448
12630.0,2,1270.88,548
12631.0,1,640.5,236
12633.0,4,2163.98,1162
12635.0,2,1689.18,1172
12637.0,8,6021.9,3002
12638.0,1,671.69,577
12639.0,1,486.1,201
12640.0,3,1174.58,311
12641.0,1,185.9,72
12642.0,3,1013.26,552
12643.0,6,3344.64,1808
12644.0,1,477.90999999999997,325
12645.0,4,1775.18,1084
12646.0,2,1346.97,897
12647.0,12,3722.82,1431
12648.0,1,318.05,160
12649.0,3,623.51,586
12650.0,1,314.44,254
12651.0,1,114.0,78
12652.0,1,919.98,505
12653.0,2,2209.85,919
12654.0,5,601.98,264
12656.0,5,4051.17,1723
12657.0,4,1643.18,1044
12658.0,1,686.05,320
12659.0,1,91.68,105
12660.0,1,245.10000000000002,127
12662.0,11,3849.78,2058
12664.0,9,4881.88,1203
12665.0,1,63.0,37
12667.0,1,620.13,395
12668.0,4,3807.15,1634
12669.0,3,2744.0299999999997,1115
12670.0,5,2996.05,1397
12672.0,1,225.9,78
12673.0,2,610.52,351
12674.0,4,1970.6,1133
12676.0,6,1331.39,670
12678.0,12,17628.46,10923
12679.0,4,1113.02,554
12680.0,4,862.81,443
12681.0,22,13787.54,7536
12682.0,31,12288.22,5575
12683.0,15,8476.57,4987
12684.0,7,2283.63,1985
12685.0,6,2863.08,1523
12686.0,1,89.14,107
12688.0,1,4873.81,3028
12689.0,2,1247.6100000000001,628
12690.0,1,389.01,106
12691.0,6,1035.8,394
12693.0,4,855.91,255
12694.0,2,869.67,509
12695.0,4,582.1,220
12697.0,3,957.59,508
12700.0,4,4939.99,2967
12701.0,2,797.71,678
12702.0,1,219.0,53
12703.0,1,283.55,164
12704.0,8,2340.84,1006
12705.0,9,6868.29,3997
12707.0,1,603.42,256
12708.0,10,2712.91,1307
12709.0,15,9736.52,3936
12710.0,3,1149.02,851
12712.0,13,4396.13,1062
12713.0,1,848.55,508
12714.0,5,4708.86,3069
12715.0,1,353.86,197
12716.0,2,1053.49,708
12717.0,2,1030.98,506
12718.0,1,238.25,203
12719.0,2,644.95,374
12720.0,25,5781.7300000000005,4672
12721.0,6,2656.13,1959
12722.0,4,997.63,566
12723.0,5,725.07,434
12724.0,4,1031.41,445
12725.0,1,427.8,164
12726.0,7,2609.1,3143
12727.0,7,3980.7000000000003,2098
12728.0,4,836.33,419
12729.0,1,453.01,233
12731.0,12,18895.91,8437
12732.0,1,236.26000000000002,111
12733.0,1,383.95,137
12734.0,1,110.39999999999999,88
12735.0,2,779.5699999999999,368
12736.0,1,234.0,173
12738.0,1,155.35,148
12739.0,2,1013.04,486
12740.0,1,427.6,342
12743.0,2,546.43,319
12744.0,7,21279.29,5241
12747.0,11,4196.01,1275
12748.0,209,33719.73,25747
12749.0,5,4090.88,1471
12750.0,1,275.88,137
12752.0,1,4366.78,2262
12753.0,6,21429.39,11421
12754.0,3,3010.74,6481
12755.0,2,3811.9500000000003,1491
12756.0,1,112.08,144
12757.0,13,7857.1,2402
12758.0,2,2791.59,2135
12759.0,3,1531.44,902
12762.0,2,1898.52,1227
12763.0,2,494.08,316
12764.0,1,1693.88,386
12766.0,7,6989.63,3646
12769.0,1,1143.6,356
12770.0,1,1351.45,743
12772.0,1,892.47,556
12775.0,5,1386.04,877
12778.0,6,822.23,825
12779.0,8,3981.36,2024
12781.0,2,826.74,671
12782.0,5,2330.92,1086
12783.0,6,2225.91,624
12784.0,2,574.42,300
12785.0,1,311.95,131
12787.0,3,463.66,261
12789.0,1,91.85,4
12790.0,1,324.92,166
12791.0,1,192.60000000000002,97
12792.0,1,400.54,217
12793.0,2,545.48,295
12794.0,2,860.41,592
12795.0,1,430.48,68
12797.0,1,254.03,118
12798.0,3,6977.04,5256
12802.0,1,427.58,314
12808.0,3,483.65000000000003,188
12809.0,1,489.31,220
12811.0,3,514.85,230
12812.0,1,229.64000000000001,164
12814.0,1,125.92,49
12815.0,2,1063.46,379
12816.0,2,572.2,128
12817.0,1,166.04000000000002,53
12818.0,1,1542.08,929
12820.0,4,942.34,722
12821.0,1,92.72,70
12822.0,2,948.88,550
12823.0,5,1759.5,230
12824.0,1,397.12,232
12826.0,7,1474.72,1058
12827.0,3,430.15,197
12828.0,6,1018.71,494
12829.0,2,293.0,376
12830.0,6,6814.64,9848
12831.0,1,215.05,135
12832.0,2,383.03000000000003,195
12833.0,1,417.38,156
12834.0,1,312.38,110
12836.0,4,2612.86,1064
12837.0,1,134.1,24
12838.0,2,683.13,359
12839.0,14,5591.42,3807
12840.0,4,2726.77,1511
12841.0,25,4022.35,2757
12842.0,2,1118.99,547
12843.0,8,1702.26,781
12844.0,2,325.96000000000004,125
12845.0,4,354.09000000000003,204
12847.0,1,871.54,909
12849.0,2,1050.89,623
12851.0,1,135.18,109
12852.0,1,311.55,149
12853.0,6,1957.1000000000001,800
12854.0,3,1324.5,627
12855.0,1,38.1,30
12856.0,6,2179.93,1079
12857.0,2,1106.4,343
12863.0,1,521.2,188
12864.0,1,147.12,216
12865.0,2,1568.23,925
12866.0,1,559.12,171
12867.0,7,4036.82,4298
12868.0,6,1607.0600000000002,928
12871.0,2,380.64,200
12872.0,2,599.97,319
12873.0,1,374.0,128
12875.0,2,343.2300000000001,2019
12876.0,2,2218.02,1941
12877.0,12,1535.77,1178
12878.0,2,854.99,547
12879.0,3,573.22,370
12881.0,1,298.0,21
12882.0,2,1463.04,246
12883.0,4,703.47,196
12884.0,1,309.05,43
12885.0,3,1175.22,655
12886.0,2,1378.4,770
12888.0,2,354.12,76
12890.0,1,380.46999999999997,259
12891.0,3,331.0,950
12893.0,1,188.14,96
12895.0,2,372.8,210
12897.0,2,216.5,110
12901.0,28,17654.54,23075
12902.0,1,138.68,66
12904.0,2,509.58,302
12906.0,5,2919.81,1749
12908.0,2,750.0,1200
12909.0,5,2178.67,1280
12910.0,8,3075.04,1692
12912.0,5,1662.3,670
12913.0,5,2483.63,1419
12915.0,2,363.65,93
12916.0,4,3006.15,1119
12917.0,1,594.0,120
12919.0,6,1335.19,673
12920.0,1,164.23,129
12921.0,37,16587.09,9526
12922.0,1,405.38,370
12923.0,1,176.97,69
12924.0,4,933.7,481
12925.0,2,694.05,541
12928.0,5,2062.7,1472
12929.0,1,117.85,37
12930.0,2,415.8,252
12931.0,15,42055.96,28004
12933.0,3,607.53,499
12935.0,7,2160.7,1853
12936.0,4,1063.9,559
12937.0,4,1504.27,1007
12938.0,1,114.14,140
12939.0,8,11581.8,4876
12940.0,2,913.54,411
12942.0,3,683.9,203
12944.0,2,604.51,289
12945.0,1,462.95,165
12947.0,6,1603.99,1165
12948.0,7,2064.95,1080
12949.0,8,4167.22,2381
12950.0,3,1843.0,1380
12951.0,6,1064.07,503
12952.0,4,1387.79,653
12953.0,1,329.85,84
12955.0,11,4757.16,3664
12956.0,1,108.07,34
12957.0,8,4017.54,2549
12962.0,2,266.39,129
12963.0,8,1856.63,881
12965.0,1,771.91,283
12966.0,1,160.18,75
12967.0,2,1660.9,438
12968.0,1,135.95,73
12970.0,4,452.24,310
12971.0,86,11189.91,9289
12974.0,1,144.8,24
12976.0,1,738.6,561
12977.0,1,39.239999999999995,12
12980.0,9,7374.900000000001,886
12981.0,2,372.21999999999997,242
12982.0,1,390.54,288
12984.0,1,97.5,26
12985.0,2,1239.38,1533
12987.0,2,558.7,219
12988.0,1,535.32,136
12989.0,15,6924.11,2943
12990.0,3,409.5,200
12991.0,2,503.76,405
12993.0,4,414.76,240
12994.0,3,974.42,459
12995.0,1,211.32,108
12997.0,4,1226.89,664
12999.0,3,455.88,342
13000.0,3,534.85,379
13001.0,13,9818.82,5505
13002.0,1,120.95,73
13003.0,3,149.05,103
13004.0,18,5655.91,4822
13005.0,2,513.7,172
13006.0,1,81.57,55
13008.0,1,229.47,175
13011.0,1,50.550000000000004,13
13012.0,8,1661.8400000000001,824
13013.0,13,4810.9400000000005,2224
13014.0,10,3466.28,905
13015.0,5,3346.28,1617
13016.0,3,789.89,527
13017.0,1,204.0,48
13018.0,28,7277.7,5435
13021.0,9,2616.38,1352
13023.0,2,689.9,286
13026.0,5,975.36,1620
13027.0,6,6912.0,17280
13028.0,2,661.3199999999999,798
13029.0,3,1247.5,134
13030.0,2,799.48,394
13032.0,2,1010.1800000000001,375
13033.0,1,190.55,83
13034.0,2,642.77,369
13035.0,2,921.88,644
13037.0,3,881.07,431
13038.0,3,908.46,360
13040.0,2,676.99,355
13043.0,1,516.42,254
13044.0,1,560.47,429
13045.0,1,305.28000000000003,221
13046.0,2,629.31,264
13047.0,10,3237.54,1391
13048.0,4,1835.91,1238
13049.0,2,656.6800000000001,268
13050.0,17,5836.86,3748
13052.0,1,348.15000000000003,222
13055.0,3,1214.41,894
13058.0,3,271.40000000000003,52
13059.0,1,183.4,35
13060.0,1,307.53000000000003,123
13061.0,1,248.61,107
13062.0,1,346.98,343
13064.0,4,1119.49,516
13065.0,1,205.86,74
13066.0,2,470.8,322
13067.0,1,115.46000000000001,32
13068.0,2,344.0,200
13069.0,24,4436.12,5885
13070.0,1,228.8,110
13072.0,1,177.15,69
13075.0,1,919.61,485
13077.0,4,729.27,863
13078.0,26,12627.94,5630
13079.0,5,220.10000000000002,62
13080.0,1,58.08,120
13081.0,11,28337.38,19068
13082.0,9,3613.63,4324
13083.0,2,303.75,187
13085.0,2,416.08,216
13089.0,97,58825.83,31070
13090.0,14,8910.82,2263
13091.0,1,345.82,466
13092.0,5,477.83,279
13093.0,8,7832.47,3961
13094.0,12,1927.3200000000002,1716
13095.0,1,74.39999999999999,144
13097.0,10,6010.42,2363
13098.0,28,28882.44,15968
13099.0,1,207.36,288
13101.0,1,101.19,113
13102.0,24,6424.09,4204
13103.0,1,243.94,82
13104.0,6,1098.48,504
13106.0,1,76.5,18
13107.0,4,1531.6200000000001,1293
13108.0,1,350.06,298
13109.0,2,786.54,520
13110.0,7,1488.67,388
13113.0,24,12245.960000000001,3045
13115.0,4,2294.78,1567
13116.0,1,501.14,291
13117.0,8,984.91,945
13118.0,5,1197.81,410
13120.0,1,30.6,12
13121.0,1,283.73,252
13122.0,2,922.39,585
13124.0,3,3866.33,2147
13126.0,8,2099.64,2143
13127.0,1,259.17,127
13130.0,1,64.0,32
13131.0,3,1073.3,447
13132.0,1,77.3,20
13133.0,2,109.8,32
13134.0,4,1793.58,1059
13135.0,1,3096.0,4300
13136.0,5,2607.61,1328
13137.0,8,3650.41,2226
13138.0,6,962.39,473
13139.0,7,5064.9400000000005,2425
13140.0,3,423.72,186
13141.0,5,2388.75,1548
13142.0,1,307.09000000000003,258
13144.0,1,110.95,21
13145.0,4,618.52,145
13146.0,1,228.91,154
13147.0,4,712.8,144
13148.0,12,3707.12,1975
13149.0,4,1676.06,1280
13151.0,1,1257.8700000000001,363
13153.0,1,486.22,418
13155.0,4,971.76,497
13157.0,4,1741.22,1439
13158.0,4,1201.06,784
13159.0,4,1437.85,1059
13160.0,1,91.8,56
13161.0,1,112.75,29
13162.0,4,1688.29,1713
13165.0,2,1021.48,1376
13166.0,1,417.2,216
13167.0,4,791.33,785
13168.0,4,1319.19,682
13169.0,2,712.88,272
13170.0,1,116.00999999999999,147
13171.0,3,468.41,229
13173.0,2,353.65000000000003,277
13174.0,3,2817.03,1395
13176.0,1,492.84,453
13177.0,1,282.45,91
13178.0,11,5725.47,3570
13182.0,1,121.18,201
13183.0,9,3957.78,2208
13184.0,10,1701.29,1692
13185.0,1,71.4,12
13186.0,3,1575.89,820
13187.0,1,236.02,95
13188.0,1,114.6,25
13189.0,2,260.68,842
13192.0,2,911.94,595
13193.0,1,117.88,50
13194.0,1,60.7,26
13196.0,4,1797.78,1224
13198.0,6,3401.2400000000002,2648
13199.0,38,9817.12,6176
13200.0,4,870.09,516
13203.0,4,869.46,800
13207.0,2,250.26000000000002,130
13208.0,6,1223.9,804
13209.0,8,5891.61,4253
13210.0,1,353.48,316
13211.0,3,1197.42,874
13212.0,3,788.08,310
13213.0,5,1520.58,1360
13216.0,1,333.74,297
13217.0,3,533.98,262
13218.0,1,62.64,88
13220.0,4,819.2900000000001,196
13221.0,2,847.41,244
13223.0,2,163.2,88
13224.0,2,2155.95,1518
13225.0,7,6463.84,3416
13226.0,1,108.21000000000001,80
13227.0,1,257.7,99
13228.0,1,358.0,200
13229.0,1,160.95,63
13230.0,14,2806.97,1665
13232.0,7,1357.6,778
13233.0,2,605.12,1004
13235.0,1,1031.07,441
13236.0,2,744.85,416
13238.0,4,700.73,298
13239.0,1,329.56,327
13240.0,4,663.65,298
13242.0,3,270.40000000000003,130
13243.0,1,600.07,233
13244.0,1,121.74000000000001,38
13245.0,1,430.5,125
13246.0,6,1987.3,1602
13247.0,4,501.12,328
13248.0,2,465.68,305
13249.0,3,711.41,546
13253.0,2,1030.4,1572
13255.0,2,399.51,177
13258.0,3,698.5799999999999,287
13259.0,1,292.32,132
13260.0,1,557.62,142
13261.0,2,944.1,210
13262.0,1,200.29,125
13263.0,35,7454.07,4780
13265.0,5,2107.66,1752
13266.0,12,3834.2599999999998,4428
13267.0,19,4521.49,1969
13268.0,11,3214.69,3658
13269.0,15,5346.2300000000005,3514
13270.0,1,590.0,200
13271.0,1,217.38,253
13272.0,2,276.56,96
13273.0,1,138.98,153
13276.0,2,590.9300000000001,161
13277.0,4,258.4,176
13278.0,1,542.73,537
13279.0,1,137.75,73
13280.0,3,814.86,522
13282.0,3,1132.14,307
13283.0,2,93.66,90
13284.0,1,201.19,91
13285.0,4,2709.12,2051
13291.0,1,361.11,233
13292.0,2,578.94,347
13294.0,2,873.74,453
13295.0,1,201.20000000000002,82
13296.0,1,87.4,78
13297.0,4,2089.85,963
13298.0,1,360.0,96
13299.0,1,142.5,30
13300.0,1,371.89,203
13301.0,4,618.09,345
13302.0,1,63.75,5
13304.0,1,300.42,238
13305.0,10,2000.86,1232
13307.0,1,15.0,4
13308.0,3,1385.51,843
13309.0,5,1456.79,1544
13310.0,3,1132.03,587
13311.0,2,598.57,305
13313.0,5,1555.3200000000002,851
13314.0,3,775.94,560
13316.0,4,5977.73,6948
13317.0,6,2273.68,1035
13318.0,3,640.76,304
13319.0,26,10845.550000000001,4724
13320.0,4,1548.7,1096
13321.0,2,567.36,372
13322.0,1,199.48000000000002,117
13323.0,5,787.85,175
13324.0,10,7121.95,5205
13325.0,1,675.3,240
13327.0,8,3627.77,1600
13328.0,1,1308.48,680
13329.0,2,789.0,463
13330.0,3,1140.93,751
13332.0,1,350.90000000000003,179
13334.0,3,3536.82,1774
13336.0,1,795.12,559
13338.0,1,487.02,256
13339.0,1,860.12,326
13340.0,7,10736.48,5770
13341.0,1,775.85,301
13343.0,1,353.43,135
13344.0,3,2543.7200000000003,971
13345.0,1,389.5,141
13347.0,1,341.36,205
13348.0,1,233.76000000000002,136
13349.0,1,247.32,225
13350.0,2,979.12,287
13351.0,1,373.94,117
13352.0,1,397.98,321
13354.0,1,743.53,604
13355.0,1,674.7,314
13356.0,1,768.24,325
13357.0,1,609.95,322
13358.0,1,439.03000000000003,285
13359.0,1,439.56,161
13362.0,4,3090.7400000000002,1382
13363.0,2,992.5,710
13364.0,1,134.96,71
13365.0,2,2225.37,1247
13366.0,1,56.16,144
13368.0,2,623.4,327
13369.0,1,308.28000000000003,149
13370.0,1,754.87,343
13372.0,1,378.64,159
13373.0,3,3312.25,1651
13375.0,1,778.65,442
13376.0,3,1019.76,493
13379.0,3,572.56,601
13381.0,6,3639.31,2029
13382.0,1,222.99,131
13384.0,7,4151.93,2422
13385.0,1,534.57,281
13388.0,2,677.1,282
13389.0,3,797.96,429
13390.0,1,544.08,224
13391.0,1,59.8,4
13394.0,8,2520.02,2392
13395.0,1,307.72,336
13396.0,2,1360.99,600
13397.0,5,1544.13,430
13398.0,1,457.34000000000003,281
13402.0,2,621.23,479
13403.0,1,75.0,44
13404.0,2,252.49,111
13405.0,3,572.451,165
13408.0,62,28117.04,16232
13410.0,5,1003.06,518
13411.0,1,213.55,72
13414.0,3,1390.5,1574
13416.0,2,712.5,142
13417.0,2,640.83,162
13418.0,18,6127.43,3918
13419.0,1,221.06,275
13420.0,2,159.85,101
13421.0,2,1851.08,1181
13422.0,1,2626.3,1326
13425.0,3,1624.21,1123
13426.0,10,3641.32,2245
13427.0,3,582.6,545
13428.0,1,218.47,156
13429.0,4,1006.8,1390
13430.0,2,679.45,751
13431.0,2,1269.1,672
13434.0,2,534.24,300
13435.0,7,3809.89,2129
13436.0,1,196.89,76
13437.0,7,3408.06,1283
13439.0,1,283.71,242
13441.0,1,296.64,204
13447.0,3,1129.14,584
13448.0,6,3539.3700000000003,1660
13449.0,1,291.88,222
13450.0,6,2043.72,1982
13451.0,5,2976.15,2149
13452.0,2,590.0,2
13453.0,2,356.98,134
13455.0,2,1058.34,354
13456.0,6,1766.72,765
13458.0,14,9646.57,5508
13460.0,2,183.44,286
13461.0,3,1445.0,1170
13462.0,1,151.5,62
13464.0,1,674.68,403
13466.0,1,307.90000000000003,259
13467.0,2,1083.71,584
13468.0,37,5704.97,2589
13470.0,2,165.0,100
13471.0,4,2531.58,1590
13473.0,2,422.64,266
13474.0,1,229.59,132
13475.0,4,1431.78,1012
13476.0,2,1238.47,417
13477.0,6,1454.58,1021
13479.0,2,300.95,134
13481.0,5,1804.56,1142
13482.0,1,184.64000000000001,116
13483.0,1,140.34,160
13484.0,1,313.8,44
13485.0,1,454.24,277
13486.0,3,1122.41,669
13487.0,3,575.4,265
13488.0,13,8968.31,4518
13489.0,4,449.52,560
13491.0,10,1215.82,903
13492.0,3,1269.84,408
13493.0,2,618.63,380
13494.0,1,316.26000000000005,162
13495.0,5,2044.8700000000001,829
13496.0,2,653.33,341
13497.0,2,348.05,163
13499.0,5,1159.1100000000001,1365
13500.0,3,1166.77,609
13501.0,1,1340.32,560
13502.0,3,292.0,264
13503.0,1,216.85,248
13504.0,1,295.93,178
13505.0,4,4393.63,2486
13506.0,2,458.52,324
13507.0,4,2479.16,1597
13508.0,1,110.97,24
13509.0,7,979.72,1106
13510.0,4,1791.56,1386
13512.0,1,251.21,143
13513.0,1,205.1,109
13514.0,1,152.20000000000002,40
13515.0,4,891.12,681
13516.0,3,1389.41,985
13517.0,3,2128.42,1369
13518.0,1,659.44,392
13519.0,1,122.75,23
13520.0,6,3624.35,1649
13521.0,3,1093.65,736
13522.0,1,125.80000000000001,44
13523.0,5,3964.88,1752
13524.0,5,680.1800000000001,324
13525.0,2,628.78,394
13527.0,7,2287.51,1692
13529.0,2,307.76,74
13531.0,2,483.8,174
13532.0,1,210.31,129
13533.0,3,270.79,204
13534.0,25,5870.08,2961
13536.0,7,3448.29,2136
13538.0,7,1280.85,175
13539.0,3,631.34,320
13544.0,2,291.41,127
13546.0,3,626.99,359
13548.0,2,682.41,441
13549.0,7,918.2,458
13551.0,1,91.80000000000001,12
13552.0,12,3740.07,1417
13555.0,4,4149.28,2660
13557.0,2,584.0600000000001,546
13558.0,4,605.06,344
13560.0,1,174.37,64
13561.0,1,141.85999999999999,83
13562.0,3,1799.3300000000002,757
13563.0,2,777.53,209
13564.0,3,1749.02,661
13565.0,2,240.22,172
13566.0,2,874.71,575
13568.0,1,192.85,70
13569.0,2,373.75,164
13570.0,1,239.49,161
13571.0,12,2092.32,1759
13572.0,1,1384.25,534
13573.0,2,294.40000000000003,303
13575.0,5,732.07,449
13576.0,18,6717.34,2646
13577.0,4,1687.6000000000001,791
13579.0,2,467.04,176
13581.0,1,118.0,30
13583.0,1,781.03,725
13584.0,1,142.4,37
13587.0,1,712.4,180
13588.0,9,2478.95,2606
13589.0,2,379.65,114
13590.0,6,1981.92,1848
13591.0,3,1117.13,485
13592.0,4,247.95999999999998,84
13593.0,5,2037.0800000000002,731
13594.0,1,396.97,359
13596.0,2,697.04,406
13598.0,1,180.17000000000002,58
13599.0,21,5153.67,3294
13600.0,1,219.52,324
13601.0,2,693.32,548
13602.0,1,428.89,267
13603.0,1,164.34,164
13606.0,3,280.54,279
13607.0,1,678.01,290
13610.0,7,1131.88,516
13611.0,3,1171.8,766
13614.0,4,1610.46,570
13615.0,1,417.69,189
13617.0,3,544.18,300
13618.0,1,177.34,246
13621.0,1,213.85,343
13623.0,5,747.78,294
13626.0,1,257.23,209
13627.0,5,1638.47,1269
13629.0,11,7792.36,4372
13630.0,7,2031.78,1391
13631.0,11,3070.42,467
13632.0,5,2121.27,1037
13634.0,5,1575.16,704
13635.0,1,1071.03,677
13636.0,5,949.12,592
13637.0,3,810.5,409
13638.0,1,122.64,93
13639.0,1,1033.34,800
13642.0,1,354.8,173
13643.0,3,519.44,273
13644.0,4,2624.26,2067
13645.0,1,252.1,158
13647.0,4,1678.1200000000001,895
13649.0,2,346.6,139
13650.0,6,1836.3400000000001,922
13651.0,2,94.2,33
13652.0,3,1095.08,578
13654.0,6,2707.33,2182
13655.0,2,932.97,605
13656.0,2,379.65,490
13657.0,2,382.14,209
13658.0,5,2639.17,1019
13659.0,2,1573.2,894
13662.0,3,897.76,543
13663.0,1,189.47,91
13666.0,3,84.65,41
13667.0,1,305.02,154
13668.0,21,6363.59,3742
13669.0,2,218.55,237
13670.0,1,349.7,282
13672.0,2,186.39000000000001,57
13673.0,2,396.92,119
13675.0,2,486.82000000000005,330
13678.0,1,232.6,924
13680.0,4,3722.42,1936
13681.0,4,827.83,360
13682.0,1,59.5,10
13684.0,1,67.23,39
13685.0,7,3119.44,5056
13686.0,1,72.0,70
13689.0,1,910.0,512
13690.0,1,172.25,67
13692.0,3,1488.32,1226
13694.0,50,65039.62,63312
13695.0,15,2504.13,1603
13697.0,1,151.3,177
13699.0,1,308.58000000000004,66
13700.0,10,2265.12,2304
13703.0,1,99.5,10
13704.0,9,2308.06,1531
13705.0,3,711.86,363
13706.0,1,330.79,189
13707.0,2,806.41,351
13708.0,1,296.88,306
13709.0,13,6328.05,3516
13710.0,1,180.48,176
13711.0,2,252.06,140
13712.0,1,228.84,352
13715.0,5,1079.34,563
13716.0,1,138.28,138
13717.0,6,1445.01,1959
13718.0,2,306.55,173
13719.0,5,1041.68,609
13720.0,4,799.9,501
13721.0,1,524.14,316
13722.0,3,2375.41,1401
13723.0,1,199.85000000000002,43
13725.0,8,1980.56,806
13726.0,2,1079.66,1054
13727.0,2,333.48,162
13728.0,6,1016.14,458
13730.0,2,752.6,488
13731.0,2,610.59,278
13732.0,1,491.86,498
13735.0,4,2885.2400000000002,1130
13736.0,2,731.9,497
13737.0,1,339.6,125
13739.0,1,216.9,54
13740.0,1,350.75,425
13741.0,3,668.4300000000001,218
13742.0,12,3131.02,1124
13743.0,7,1341.6,1776
13744.0,2,1156.36,1249
13745.0,1,300.04,496
13747.0,1,79.6,8
13748.0,5,948.25,439
13750.0,5,1647.26,516
13751.0,1,296.25,152
13752.0,6,1186.28,876
13753.0,1,741.26,512
13754.0,2,282.6,214
13755.0,9,2161.35,1264
13756.0,14,5189.52,3188
13758.0,7,3190.55,1844
13759.0,2,659.4100000000001,287
13760.0,2,286.79,197
13761.0,2,1070.65,642
13762.0,1,306.72,272
13763.0,1,1714.96,728
13764.0,3,1521.76,932
13767.0,37,17220.36,7322
13769.0,10,2796.51,1163
13771.0,4,2634.45,1477
13772.0,3,1132.13,546
13774.0,1,345.0,192
13777.0,33,25977.16,12897
13778.0,1,178.7,70
13780.0,2,360.01,318
13781.0,1,127.84,30
13782.0,6,912.0,371
13784.0,11,2462.79,2493
13786.0,1,230.4,136
13787.0,2,309.04,337
13790.0,1,348.79999999999995,748
13791.0,2,1516.0,1200
13792.0,2,195.55,92
13798.0,57,37153.85,23948
13799.0,2,688.86,402
13800.0,1,558.32,331
13801.0,1,324.8,168
13802.0,3,4599.42,2572
13803.0,1,277.07,121
13804.0,7,2635.79,1498
13805.0,2,924.5999999999999,1900
13806.0,1,256.38,56
13807.0,1,112.6,36
13808.0,5,1747.66,782
13809.0,1,155.05,29
13810.0,3,1499.01,312
13811.0,3,814.5,68
13812.0,3,539.0,333
13813.0,4,1366.8600000000001,552
13814.0,2,1579.12,864
13815.0,4,4027.36,2560
13816.0,2,571.6700000000001,269
13817.0,2,382.98,211
13819.0,3,1140.35,1109
13821.0,2,385.64,153
13822.0,2,632.0,611
13823.0,2,957.66,439
13824.0,5,1698.94,768
13826.0,1,189.5,82
13827.0,3,412.05,141
13828.0,1,209.49,311
13831.0,6,2202.99,745
13832.0,1,52.2,28
13833.0,1,384.8,118
13835.0,4,834.57,442
13837.0,2,271.24,183
13838.0,4,691.73,263
13841.0,1,85.0,100
13842.0,9,3385.62,1768
13844.0,1,361.62,196
13845.0,1,312.98,182
13846.0,3,865.0600000000001,388
13848.0,3,1255.0,3700
13849.0,2,1537.95,1016
13850.0,1,1595.48,944
13851.0,3,2651.46,1705
13853.0,1,1090.1399999999999,312
13854.0,25,8109.5199999999995,2296
13856.0,3,388.5,494
13858.0,1,216.17000000000002,75
13859.0,1,201.16,129
13860.0,5,1245.9,591
13862.0,8,2209.36,1688
13863.0,1,305.78,224
13865.0,4,501.56,204
13866.0,1,145.67,57
13867.0,3,1015.29,513
13868.0,2,3192.54,1964
13869.0,4,3104.9500000000003,1721
13870.0,8,2770.94,1325
13871.0,13,6403.25,2806
13873.0,3,389.6,140
13874.0,1,540.45,180
13875.0,5,1786.79,1316
13876.0,1,122.7,36
13877.0,1,117.24,108
13878.0,1,1281.53,475
13880.0,13,3219.77,1842
13881.0,20,17159.52,10118
13882.0,5,1191.13,953
13883.0,5,2674.48,1436
13884.0,5,787.6,300
13885.0,2,506.8,182
13886.0,1,243.56,126
13887.0,1,349.55,147
13888.0,2,605.63,258
13889.0,1,416.90000000000003,146
13890.0,10,1883.81,831
13892.0,4,632.97,983
13893.0,1,821.1,190
13894.0,3,564.62,354
13895.0,4,2593.07,1365
13897.0,1,311.16,200
13898.0,1,155.93,133
13899.0,2,388.52,156
13900.0,3,740.95,430
13901.0,5,2867.2000000000003,1739
13904.0,2,332.64,332
13908.0,4,2369.55,1478
13911.0,9,2580.91,2731
13914.0,2,626.45,380
13917.0,2,272.04,228
13918.0,2,1212.8400000000001,1140
13919.0,2,384.81,474
13922.0,1,172.25,93
13923.0,1,351.13,185
13924.0,6,1838.8500000000001,1575
13925.0,4,678.25,331
13926.0,1,223.85000000000002,104
13927.0,1,348.99,214
13928.0,4,464.57,129
13929.0,2,842.65,143
13930.0,2,337.34,274
13931.0,2,1237.53,725
13932.0,1,307.4,72
13933.0,2,608.79,205
13934.0,1,922.1,390
13936.0,1,376.58,330
13937.0,1,158.85,123
13938.0,1,71.66,70
13939.0,3,568.55,847
13940.0,4,839.14,516
13941.0,5,5112.96,2364
13946.0,3,561.57,443
13947.0,1,90.60000000000001,44
13948.0,1,102.0,40
13949.0,6,2427.32,2474
13950.0,4,745.0600000000001,323
13951.0,3,674.45,459
13952.0,2,3251.071,1431
13953.0,7,3515.68,2724
13954.0,2,439.92,150
13955.0,2,322.96,154
13956.0,5,1026.42,491
13959.0,3,598.2,357
13960.0,2,230.22,142
13962.0,2,169.54999999999998,87
13963.0,4,664.54,460
13967.0,1,80.7,42
13969.0,18,9053.94,4542
13971.0,8,2758.26,1844
13972.0,2,190.25,187
13973.0,1,264.7,109
13974.0,1,413.59000000000003,249
13975.0,6,2526.28,1732
13976.0,1,357.98,154
13978.0,2,196.79,315
13979.0,1,869.87,639
13980.0,1,200.14,172
13982.0,4,1871.81,1136
13983.0,12,2603.43,1183
13984.0,5,920.51,679
13985.0,15,7060.13,3445
13986.0,1,320.46,430
13988.0,6,4147.96,3044
13989.0,2,1266.08,1313
13990.0,1,311.3,190
13991.0,6,855.97,998
13992.0,1,76.8,64
13993.0,9,3466.36,900
13994.0,6,2313.14,940
13995.0,5,1393.69,879
13999.0,12,3901.81,2243
14000.0,1,635.66,710
14001.0,3,2043.0800000000002,962
14002.0,2,529.73,877
14004.0,7,4582.64,2668
14005.0,5,2874.72,2478
14006.0,3,962.19,641
14009.0,2,695.61,365
14012.0,1,328.8,160
14013.0,3,473.02,462
14014.0,1,505.18,1076
14015.0,1,917.34,378
14016.0,4,4341.21,2125
14019.0,3,1421.6100000000001,1037
14020.0,2,642.8,441
14021.0,3,631.9,192
14022.0,1,440.0,487
14023.0,2,584.07,345
14024.0,2,327.7,150
14027.0,1,104.82,62
14029.0,2,467.66,198
14030.0,8,2360.09,1479
14031.0,19,17286.86,5788
14032.0,11,2975.59,2032
14034.0,3,651.8199999999999,423
14035.0,5,1428.02,739
14036.0,1,626.65,268
14037.0,2,147.20000000000002,46
14038.0,3,1560.38,965
14039.0,1,152.2,92
14040.0,12,3614.92,1554
14041.0,1,141.41,94
14044.0,4,652.82,308
14045.0,4,1659.75,535
14046.0,1,154.99,460
14047.0,5,1308.6100000000001,381
14048.0,1,409.93,288
14049.0,4,5681.72,3870
14050.0,2,746.36,689
14051.0,23,15610.390000000001,3756
14052.0,1,225.35999999999999,89
14053.0,2,260.25,215
14054.0,1,92.46000000000001,62
14055.0,1,725.6400000000001,216
14056.0,23,8214.65,4273
14057.0,17,6217.96,4876
14059.0,1,183.6,128
14060.0,19,6140.42,5386
14062.0,12,10464.85,5593
14064.0,5,1353.74,1788
14066.0,1,152.55,45
14067.0,2,374.7,361
14068.0,1,265.85,73
14071.0,8,1438.82,995
14073.0,1,151.04,130
14075.0,3,942.26,754
14076.0,1,122.47,81
14077.0,5,499.42,268
14078.0,6,1049.37,310
14079.0,1,375.1,301
14080.0,1,45.599999999999994,48
14081.0,2,934.52,596
14082.0,1,182.25,110
14083.0,9,1018.43,732
14085.0,18,4448.54,3184
14087.0,1,194.42,251
14088.0,13,50491.81,12665
14089.0,1,161.0,134
14090.0,1,76.32000000000001,72
14092.0,14,4076.9100000000003,2066
14093.0,1,442.85,406
14096.0,17,65164.79,16352
14098.0,1,147.35,104
14099.0,11,3104.17,2179
14100.0,1,194.9,64
14101.0,6,5976.79,6942
14102.0,5,1360.28,961
14104.0,2,216.21,72
14105.0,1,1266.23,800
14107.0,7,2703.23,1793
14108.0,2,597.91,381
14109.0,1,144.2,88
14110.0,12,5683.15,2445
14111.0,4,692.85,458
14112.0,7,2915.15,1651
14113.0,4,1840.42,745
14114.0,2,386.53,101
14116.0,5,1382.74,707
14117.0,1,90.0,72
14121.0,4,2780.15,2082
14124.0,1,419.58,1618
14125.0,3,2740.43,1640
14126.0,3,706.1300000000001,508
14127.0,3,709.71,321
14128.0,2,637.5,564
14129.0,5,1123.8600000000001,592
14130.0,1,483.86,258
14132.0,11,3586.03,3368
14133.0,3,605.64,348
14135.0,15,4690.31,3850
14138.0,2,982.38,610
14139.0,1,415.82,510
14140.0,2,935.05,811
14141.0,4,915.13,355
14142.0,1,311.81,313
14143.0,1,115.8,30
14145.0,4,3742.2,756
14146.0,5,4191.0,2437
14147.0,2,483.4,108
14148.0,1,157.2,16
14149.0,1,446.62,218
14150.0,2,658.64,496
14152.0,2,621.29,711
14154.0,2,1345.62,465
14155.0,1,118.75,25
14156.0,55,117379.63,57885
14157.0,2,432.88,284
14158.0,1,507.65999999999997,781
14159.0,11,4693.01,4408
14161.0,3,1110.52,455
14162.0,2,289.36,142
14163.0,4,2445.91,893
14164.0,2,1631.77,1033
14165.0,1,122.53999999999999,54
14167.0,4,574.84,150
14171.0,1,363.79,167
14173.0,4,450.84,150
14174.0,1,134.46,94
14175.0,3,3222.3,1515
14176.0,4,576.9000000000001,209
14177.0,4,559.41,205
14178.0,7,1620.93,1505
14179.0,2,719.78,330
14180.0,25,4748.52,719
14184.0,1,452.89,127
14185.0,1,197.65,6
14188.0,6,2054.36,1162
14189.0,15,4654.08,3937
14191.0,13,4684.76,3662
14193.0,2,853.39,445
14194.0,21,11349.52,5840
14195.0,2,1012.0,760
14196.0,1,335.52,142
14198.0,4,701.4,290
14199.0,1,185.39999999999998,28
14201.0,7,747.44,590
14204.0,1,161.03,82
14205.0,2,466.7,204
14206.0,1,328.15999999999997,276
14208.0,1,151.74,114
14209.0,6,2073.43,691
14210.0,6,1905.8400000000001,760
14211.0,9,2241.1,1242
14212.0,1,1070.48,1152
14214.0,5,1004.38,751
14215.0,6,1789.72,1358
14216.0,4,1839.3,594
14217.0,17,2004.98,689
14218.0,1,169.48000000000002,160
14219.0,1,89.94,78
14220.0,2,632.4000000000001,272
14221.0,9,3432.8,2191
14222.0,1,683.17,607
14223.0,3,991.13,585
14224.0,4,1050.1200000000001,514
14226.0,5,2232.19,1308
14227.0,10,3350.96,1820
14229.0,3,1547.2,610
14231.0,3,925.71,409
14232.0,5,2048.07,1941
14233.0,4,1462.72,680
14234.0,4,775.46,963
14235.0,5,3144.86,1959
14236.0,2,490.86,310
14237.0,1,161.0,38
14238.0,1,146.85,111
14239.0,11,2380.85,993
14240.0,2,890.34,418
14241.0,1,213.70000000000002,146
14242.0,2,280.55,123
14243.0,10,2588.77,1221
14245.0,2,1693.45,976
14246.0,3,1474.06,804
14247.0,1,136.77,47
14248.0,1,302.58,102
14250.0,3,1904.05,1200
14251.0,5,2879.7000000000003,1674
14256.0,2,969.0600000000001,414
14257.0,5,3099.7200000000003,1682
14258.0,9,12669.98,7100
14259.0,1,120.0,68
14261.0,2,1163.45,406
14262.0,8,2618.23,1645
14264.0,2,333.97,70
14265.0,2,530.18,330
14267.0,3,1516.24,530
14270.0,1,492.65000000000003,197
14271.0,1,112.32000000000001,88
14272.0,2,437.96,599
14273.0,4,559.97,264
14276.0,3,1119.74,744
14277.0,3,4216.2,1984
14280.0,1,134.04,52
14282.0,15,3729.34,2668
14284.0,2,595.25,161
14285.0,4,1910.01,541
14286.0,3,4628.75,4338
14287.0,3,176.63,261
14288.0,1,426.6,188
14289.0,6,911.26,292
14290.0,5,2314.65,915
14291.0,11,3883.25,2749
14292.0,9,4871.93,1663
14293.0,4,1046.56,709
14295.0,1,166.20000000000002,84
14297.0,4,1305.33,865
14298.0,44,51527.3,58343
14299.0,9,3965.62,2149
14300.0,1,43.2,32
14301.0,1,640.14,606
14304.0,1,383.45,139
14305.0,3,1858.96,1089
14306.0,2,2093.32,1075
14307.0,6,2995.7200000000003,2058
14309.0,9,2352.53,1633
14311.0,1,310.26,146
14312.0,6,1611.5900000000001,1012
14314.0,1,120.0,296
14315.0,6,2481.13,1021
14317.0,1,508.58,255
14320.0,2,477.79,325
14321.0,5,1530.75,2406
14323.0,2,605.0600000000001,350
14326.0,1,183.85,103
14327.0,1,311.65000000000003,139
14329.0,7,5014.84,3095
14331.0,2,462.66,252
14332.0,3,866.3100000000001,481
14333.0,1,415.2,58
14334.0,8,2552.21,1731
14335.0,2,468.26,379
14336.0,4,1614.91,1759
14338.0,2,588.22,335
14339.0,1,309.52000000000004,168
14340.0,1,134.7,58
14341.0,8,2182.28,1403
14342.0,4,668.5600000000001,347
14344.0,8,889.9300000000001,477
14345.0,1,108.98,50
14346.0,2,1021.58,605
14348.0,1,409.57,183
14349.0,1,133.5,86
14350.0,1,282.93,183
14351.0,1,51.0,12
14352.0,4,1078.96,538
14353.0,1,90.6,64
14354.0,2,163.62,210
14355.0,1,174.4,92
14356.0,2,701.23,277
14357.0,1,225.77,148
14359.0,3,912.1800000000001,371
14360.0,4,2128.23,1151
14362.0,1,161.2,100
14364.0,8,3717.35,1967
14367.0,16,9261.52,4438
14368.0,1,155.0,36
14371.0,1,100.5,34
14373.0,1,76.55,17
14375.0,1,257.68,194
14377.0,2,617.05,219
14379.0,2,348.1,292
14381.0,1,202.68,146
14382.0,1,626.07,1237
14383.0,3,1247.69,817
14385.0,3,202.10999999999999,159
14386.0,1,142.4,54
14387.0,3,1770.56,819
14388.0,8,3212.84,1941
14389.0,2,1043.46,729
14390.0,9,4652.82,2136
14393.0,1,67.95,13
14395.0,9,3507.71,1693
14396.0,2,487.99,225
14397.0,19,2612.96,1890
14400.0,1,574.7,454
14401.0,13,4051.48,4507
14403.0,4,1475.81,519
14404.0,6,1474.32,839
14406.0,1,156.75,77
14407.0,6,2157.73,1415
14408.0,7,2606.53,1616
14409.0,6,2059.4500000000003,1230
14410.0,9,1105.07,571
14411.0,1,1063.0,196
14412.0,2,770.03,786
14413.0,1,122.7,68
14414.0,7,1496.98,2512
14415.0,13,5900.28,3011
14416.0,2,490.22,326
14418.0,3,1937.25,1711
14419.0,6,1058.06,487
14420.0,1,387.52,334
14421.0,2,813.11,365
14422.0,6,4263.64,2906
14423.0,1,265.2,120
14424.0,1,322.08,48
14426.0,10,4481.67,2699
14427.0,2,363.34000000000003,228
14428.0,5,1244.83,436
14431.0,1,470.36,130
14432.0,6,2255.51,2070
14434.0,6,1372.8,368
14436.0,1,89.06,129
14437.0,1,63.0,60
14438.0,1,131.9,82
14439.0,1,2661.24,526
14440.0,5,2357.68,588
14441.0,4,1712.89,446
14442.0,2,1589.82,482
14443.0,4,1420.2,938
14446.0,4,1039.58,933
14447.0,5,1163.23,571
14448.0,2,375.35,104
14449.0,4,907.1,757
14450.0,3,483.25,241
14451.0,2,662.59,389
14452.0,2,264.44,119
14453.0,1,119.93,49
14456.0,9,3062.4,2908
14457.0,1,113.64,88
14459.0,1,1837.92,760
14460.0,3,434.34,881
14461.0,3,2103.06,766
14462.0,11,2004.02,964
14463.0,3,529.62,179
14465.0,3,1058.6200000000001,405
14466.0,7,2272.4,1006
14467.0,4,598.76,278
14470.0,2,461.19,193
14472.0,8,1936.84,1160
14473.0,2,234.34,88
14474.0,1,547.66,140
14475.0,3,925.85,447
14476.0,1,215.7,132
14477.0,4,1309.6,720
14479.0,2,316.25,117
14480.0,1,279.05,143
14481.0,2,636.51,489
14482.0,6,2068.15,1646
14483.0,1,137.1,97
14484.0,1,321.92,210
14485.0,1,165.75,71
14487.0,6,1196.33,735
14488.0,1,1064.28,799
14489.0,1,463.38,299
14491.0,2,340.93,139
14493.0,5,2383.2400000000002,1285
14494.0,1,139.56,92
14495.0,2,123.80000000000001,62
14496.0,2,538.8100000000001,159
14497.0,1,475.37,235
14498.0,5,1957.32,1098
14499.0,3,815.32,501
14500.0,3,356.85,117
14501.0,2,251.21,161
14502.0,11,2470.67,1498
14503.0,6,3543.26,2004
14504.0,4,673.26,308
14505.0,8,5905.64,2759
14506.0,5,2012.17,730
14507.0,6,1383.18,600
14508.0,2,276.42,131
14511.0,5,1314.81,784
14512.0,2,275.28,122
14513.0,3,455.59000000000003,361
14514.0,3,1055.35,589
14515.0,6,2102.09,1134
14517.0,2,330.45,91
14518.0,1,174.37,278
14520.0,2,270.6,146
14522.0,4,974.54,525
14523.0,1,241.09,251
14524.0,9,1867.68,676
14525.0,9,4332.2,2696
14527.0,55,8508.82,2089
14528.0,1,364.21999999999997,278
14529.0,3,620.04,348
14530.0,6,2925.91,1410
14532.0,4,932.85,284
14533.0,7,1949.72,4019
14534.0,18,4447.05,2047
14535.0,3,2864.19,1831
14536.0,1,171.8,40
14537.0,1,355.56,120
14538.0,2,388.25,155
14539.0,2,537.48,428
14540.0,3,996.26,421
14541.0,8,1461.65,647
14542.0,1,103.25,19
14543.0,16,3630.33,679
14544.0,2,2024.45,1543
14546.0,5,2578.09,1317
14547.0,8,4007.54,2668
14548.0,2,652.8,256
14549.0,1,289.24,136
14550.0,2,765.62,394
14551.0,2,186.23,106
14552.0,1,165.07,91
14553.0,5,859.27,493
14554.0,4,2381.04,1478
14555.0,2,324.14,130
14557.0,1,788.38,510
14560.0,22,2237.77,1260
14561.0,3,1080.76,1014
14562.0,18,5074.77,1834
14565.0,4,3099.12,1540
14566.0,1,1432.0,800
14567.0,2,1530.3600000000001,412
14569.0,1,227.39,79
14570.0,2,218.06,95
14572.0,7,2832.84,1428
14573.0,9,1653.42,544
14576.0,1,35.400000000000006,12
14577.0,4,859.71,353
14578.0,1,168.63,240
14581.0,1,138.6,217
14582.0,1,114.11,73
14583.0,5,1052.55,792
14584.0,4,1042.26,383
14585.0,1,157.05,91
14586.0,1,237.35999999999999,444
14587.0,9,1601.14,761
14589.0,1,39.75,5
14591.0,4,1447.14,1297
14592.0,3,570.46,415
14593.0,3,617.99,332
14594.0,2,379.83,185
14595.0,6,1740.6000000000001,978
14597.0,2,883.15,577
14598.0,1,221.97,189
14600.0,1,393.33000000000004,125
14601.0,1,213.96,168
14603.0,1,660.0,400
14606.0,93,12156.65,6224
14607.0,14,16569.5,11766
14608.0,4,1785.15,437
14609.0,4,601.56,7026
14616.0,3,406.08000000000004,104
14618.0,3,553.44,264
14619.0,1,394.44,152
14620.0,2,412.78000000000003,214
14621.0,5,1788.3600000000001,993
14622.0,1,320.58000000000004,146
14623.0,5,889.25,419
14624.0,2,225.85,162
14625.0,2,899.63,335
14626.0,4,2791.27,1403
14628.0,2,671.96,272
14629.0,2,959.01,380
14631.0,3,1006.98,622
14632.0,1,114.56,96
14633.0,1,344.90000000000003,96
14636.0,2,609.85,241
14638.0,1,443.6,166
14639.0,6,2984.4900000000002,1431
14640.0,6,2125.08,886
14641.0,1,110.46000000000001,90
14642.0,1,96.12,76
14643.0,2,693.8100000000001,815
14644.0,2,830.76,258
14645.0,2,597.09,381
14646.0,73,280206.02,196915
14647.0,1,243.22,95
14649.0,4,1417.29,1018
14651.0,2,654.6,344
14652.0,1,114.18,53
14653.0,7,1947.55,950
14655.0,4,1932.23,1089
14656.0,2,291.05,120
14657.0,4,848.22,466
14658.0,2,247.15,47
14659.0,9,2529.93,1195
14660.0,2,285.74,228
14661.0,1,107.95,35
14662.0,4,771.17,602
14664.0,2,637.89,466
14665.0,5,1835.7,740
14666.0,1,195.25,161
14667.0,25,9241.2,5385
14669.0,3,1269.99,775
14670.0,2,411.53,337
14672.0,2,765.5500000000001,454
14673.0,5,1736.4,1004
14675.0,1,604.75,341
14676.0,6,2548.2400000000002,2500
14680.0,16,28754.11,13476
14681.0,3,498.95,76
14682.0,2,52.0,80
14684.0,5,1236.28,853
14687.0,1,628.38,470
14688.0,21,5630.87,3621
14689.0,1,112.80000000000001,76
14690.0,2,371.7,170
14691.0,5,2114.33,707
14692.0,4,591.55,265
14693.0,1,172.9,34
14696.0,7,2078.95,1630
14697.0,2,188.61,181
14698.0,5,1250.76,615
14699.0,1,109.13000000000001,77
14700.0,3,2235.3,1342
14701.0,9,2549.37,932
14702.0,17,3292.14,1454
14703.0,1,318.17,183
14704.0,9,1546.91,1082
14705.0,1,179.0,100
14708.0,3,1126.3700000000001,621
14709.0,13,4921.04,2484
14710.0,4,606.13,378
14711.0,11,2868.8,978
14712.0,3,917.07,315
14713.0,11,2666.36,1615
14714.0,1,160.19,229
14715.0,4,867.38,521
14716.0,2,329.68,604
14719.0,5,1602.13,1032
14720.0,3,663.81,219
14722.0,1,187.92,120
14723.0,6,1158.3,695
14725.0,1,718.08,593
14727.0,1,268.58,62
14729.0,1,313.49,197
14730.0,8,2005.06,1132
14731.0,3,380.02,256
14732.0,8,2702.4900000000002,1405
14733.0,12,9585.91,3764
14735.0,32,6065.6900000000005,2264
14737.0,3,1164.55,345
14738.0,7,1314.45,601
14739.0,7,3902.28,3820
14740.0,3,1448.21,735
14741.0,6,1400.3400000000001,841
14744.0,7,1099.98,627
14745.0,5,1220.26,1038
14747.0,1,328.2,84
14748.0,5,1415.75,1223
14752.0,1,389.64000000000004,260
14753.0,1,563.15,211
14754.0,2,638.05,486
14755.0,11,5010.28,2219
14756.0,1,738.96,416
14757.0,1,420.5,160
14758.0,4,1484.06,419
14759.0,3,1625.97,569
14760.0,1,89.2,40
14761.0,2,255.9,118
14762.0,1,300.52,341
14764.0,1,278.3,190
14765.0,3,254.11,135
14766.0,6,2473.37,1349
14768.0,2,192.60000000000002,52
14769.0,8,10674.75,7436
14770.0,2,876.4200000000001,490
14772.0,1,139.26,82
14775.0,3,1011.9,1174
14776.0,11,2538.2999999999997,3134
14778.0,2,730.86,306
14779.0,3,386.15,84
14780.0,2,447.68,310
14782.0,1,200.10000000000002,114
14784.0,2,289.99,237
14785.0,2,77.4,84
14788.0,2,679.44,421
14789.0,1,197.64,116
14790.0,4,745.06,699
14792.0,1,6.2,2
14793.0,1,228.99,91
14794.0,7,1319.91,673
14795.0,1,131.45000000000002,17
14796.0,17,8022.49,6025
14798.0,3,173.74,150
14799.0,1,157.7,146
14800.0,12,4339.74,3655
14801.0,1,193.14,175
14803.0,3,845.5500000000001,370
14804.0,1,353.27,121
14805.0,4,554.65,115
14806.0,1,193.39000000000001,330
14808.0,8,2741.17,2147
14810.0,11,2087.88,1016
14813.0,2,155.43,67
14815.0,2,778.5,744
14816.0,1,271.85,5
14817.0,2,1110.34,655
14818.0,3,657.8,324
14819.0,2,272.07,109
14820.0,4,507.29,253
14821.0,1,48.800000000000004,20
14823.0,3,321.43,88
14824.0,4,1127.71,525
14825.0,12,2226.9100000000003,991
14828.0,3,2139.76,2172
14829.0,4,697.55,452
14830.0,1,197.13,169
14834.0,6,1720.3,734
14836.0,3,102.45,45
14837.0,4,1649.5,1436
14840.0,1,62.85,31
14841.0,6,3295.76,1778
14842.0,4,2824.69,1166
14844.0,4,3189.81,1833
14847.0,1,309.40000000000003,120
14849.0,25,7930.54,5694
14850.0,1,325.75,293
14851.0,2,511.35,325
14852.0,6,2836.69,1747
14853.0,2,475.8,82
14854.0,7,2759.83,1832
14855.0,2,645.65,267
14856.0,3,1311.38,714
14857.0,2,1173.1200000000001,464
14859.0,4,1353.74,671
14860.0,1,170.32,232
14861.0,1,125.79,117
14862.0,2,841.2,772
14863.0,1,266.76,132
14865.0,2,52.2,108
14866.0,12,14389.9,6752
14867.0,3,710.28,328
14868.0,8,2953.59,1405
14869.0,2,725.7,550
14870.0,1,327.25,119
14871.0,4,522.38,185
14873.0,1,519.68,168
14875.0,2,1465.32,558
14878.0,9,1485.54,802
14880.0,3,706.19,373
14881.0,1,255.4,316
14882.0,2,589.7,158
14883.0,6,761.59,790
14885.0,1,765.3199999999999,724
14886.0,1,364.8,160
14887.0,1,1862.0,1100
14888.0,1,369.2,184
14889.0,1,135.9,90
14890.0,1,125.65,51
14891.0,2,554.38,505
14893.0,2,1237.8500000000001,799
14894.0,1,655.75,265
14895.0,20,11138.710000000001,4851
14896.0,2,468.77000000000004,279
14897.0,4,1366.38,468
14898.0,6,1303.52,1020
14901.0,9,1421.29,661
14902.0,1,332.66,218
14903.0,5,2810.63,1536
14904.0,2,1025.44,1985
14905.0,2,616.15,287
14907.0,7,3501.1,1691
14908.0,1,277.8,132
14910.0,4,434.35,238
14911.0,201,143825.06,80265
14912.0,2,867.85,971
14913.0,4,1227.43,1743
14915.0,2,307.48,112
14916.0,4,1268.98,1136
14918.0,2,1610.15,675
14920.0,2,977.77,509
14921.0,2,1316.07,953
14923.0,1,749.1,418
14924.0,1,310.05,64
14929.0,1,223.88,136
14930.0,3,2372.86,1166
14931.0,5,1257.68,417
14932.0,1,363.53,80
14934.0,2,1890.94,1042
14935.0,1,1784.71,935
14936.0,8,8137.02,4085
14937.0,3,1621.88,484
14944.0,12,5900.25,2815
14946.0,1,100.9,22
14947.0,2,290.82,179
14948.0,6,1101.97,673
14950.0,1,371.2,136
14951.0,1,311.69,311
14952.0,11,8099.49,3355
14953.0,1,289.82,225
14954.0,1,336.17,127
14957.0,1,58.49,34
14958.0,3,499.68,129
14959.0,4,695.42,494
14960.0,2,221.27,221
14961.0,9,7044.68,3708
14962.0,1,126.7,44
14963.0,5,1487.8,1176
14964.0,1,206.21,143
14965.0,2,599.0,365
14966.0,1,191.32,187
14967.0,1,463.8,140
14968.0,1,147.59,127
14970.0,4,1592.06,250
14971.0,3,1116.57,644
14972.0,1,114.77,28
14973.0,3,1314.45,369
14974.0,1,114.39,44
14975.0,1,279.94,380
14976.0,7,790.86,234
14978.0,5,1931.42,525
14981.0,1,102.12,97
14984.0,2,213.27,60
14985.0,2,296.75,260
14987.0,2,326.4,128
14988.0,1,334.54,141
14995.0,2,233.23000000000002,103
14997.0,3,546.1999999999999,1120
14998.0,2,429.87,270
15000.0,1,490.52,218
15002.0,4,1641.76,862
15004.0,1,1246.32,630
15005.0,28,6316.57,4247
15006.0,1,502.09,302
15007.0,1,156.91,69
15009.0,3,1261.78,642
15010.0,1,308.94,184
15012.0,2,423.04,231
15014.0,2,260.17,151
15016.0,1,170.04,76
15017.0,1,125.58,63
15018.0,3,496.21,189
15019.0,1,266.0,159
15021.0,9,1914.82,847
15022.0,4,905.04,543
15023.0,11,6802.76,2871
15024.0,10,1661.33,920
15025.0,1,377.01,189
15026.0,3,469.0,285
15027.0,4,1066.15,565
15028.0,4,627.13,459
15030.0,2,518.28,372
15031.0,4,668.14,401
15032.0,3,4959.1,2968
15033.0,10,2586.67,1695
15034.0,8,4308.61,2422
15035.0,1,252.73000000000002,245
15036.0,3,465.55,327
15038.0,6,705.49,217
15039.0,47,19914.44,9209
15041.0,1,180.35,104
15042.0,1,135.93,30
15043.0,1,537.0,300
15044.0,17,7700.2300000000005,2795
15045.0,2,735.66,114
15046.0,15,5213.7699999999995,3451
15047.0,1,343.62,222
15048.0,4,384.05,195
15049.0,1,121.17000000000002,63
15050.0,3,1782.09,1224
15051.0,3,1391.61,1011
15052.0,1,215.78,82
15053.0,3,697.79,986
15054.0,2,302.1,198
15057.0,2,1489.5,668
15058.0,11,2124.99,1069
15059.0,9,1337.72,604
15060.0,4,303.09000000000003,263
15061.0,48,54534.14,28920
15062.0,4,987.86,763
15063.0,1,370.79999999999995,56
15065.0,4,3158.13,1383
15066.0,1,893.59,317
15067.0,3,1744.76,954
15068.0,2,553.36,364
15069.0,1,1109.53,520
15070.0,1,106.2,36
15071.0,2,982.07,269
15073.0,3,1043.41,491
15074.0,1,748.87,455
15075.0,1,773.03,447
15076.0,1,880.85,571
15078.0,32,9743.11,5105
15079.0,4,895.61,389
15081.0,5,504.8,190
15083.0,1,88.2,38
15087.0,1,306.94,470
15088.0,2,1160.07,460
15089.0,6,2420.84,1359
15090.0,1,381.32,208
15091.0,1,480.71,346
15092.0,2,457.81,135
15093.0,6,4597.02,3760
15095.0,4,1370.6000000000001,1079
15096.0,1,219.39000000000001,120
15097.0,1,248.08,170
15098.0,3,39916.5,121
15099.0,1,410.48,343
15100.0,3,876.0,80
15101.0,2,317.53000000000003,241
15103.0,2,703.36,329
15104.0,2,1027.44,637
15105.0,7,2298.93,1211
15106.0,5,1422.52,1181
15107.0,6,319.5,169
15108.0,4,1300.25,499
15109.0,1,484.95,131
15110.0,4,996.1,246
15111.0,3,1567.48,710
15113.0,3,3609.33,2386
15114.0,10,2760.56,3096
15115.0,1,340.11,157
15116.0,4,1352.75,648
15117.0,5,1551.78,1948
15118.0,1,244.8,1440
15119.0,1,266.4,88
15120.0,1,358.82,296
15121.0,2,457.72,199
15122.0,3,1633.78,800
15123.0,2,2199.31,1195
15124.0,2,184.19,233
15125.0,15,11528.48,6193
15127.0,1,406.53000000000003,251
15128.0,4,1471.0,1343
15129.0,11,3447.4,1794
15130.0,1,330.11,197
15132.0,5,977.9300000000001,679
15133.0,3,982.42,680
15134.0,8,1387.99,887
15135.0,1,139.05,43
15136.0,4,1286.7,776
15139.0,2,178.96,208
15140.0,7,2354.25,1572
15142.0,1,498.74,365
15143.0,1,259.45,150
15144.0,17,6580.4400000000005,3050
15145.0,4,1194.73,756
15146.0,2,1327.16,1473
15147.0,1,623.5,366
15148.0,1,301.29,187
15149.0,1,520.8000000000001,128
15150.0,10,5314.47,3658
15152.0,13,4745.69,2704
15153.0,1,329.25,198
15154.0,1,296.42,104
15156.0,3,961.49,597
15157.0,3,1936.07,2392
15158.0,1,401.40000000000003,198
15159.0,30,18641.010000000002,11441
15160.0,1,158.16,84
15163.0,2,304.47,186
15164.0,3,843.05,360
15165.0,1,487.75,160
15167.0,1,163.0,67
15168.0,1,106.56,52
15171.0,1,1289.5,290
15172.0,5,1624.05,1611
15174.0,1,135.75,145
15175.0,1,224.14,454
15178.0,1,40.5,30
15179.0,5,2206.9500000000003,1938
15180.0,1,87.5,36
15181.0,3,689.48,544
15182.0,2,622.85,253
15184.0,2,406.76,223
15185.0,1,310.62,666
15186.0,2,411.41,215
15187.0,16,4777.18,1887
15189.0,41,16225.39,6149
15192.0,3,1044.32,918
15193.0,1,499.32,144
15194.0,15,7616.53,5703
15195.0,1,3861.0,1404
15197.0,3,1079.61,469
15198.0,2,193.64,120
15199.0,4,1268.7,396
15201.0,5,1236.54,1210
15203.0,6,1827.8,1753
15204.0,1,316.58,258
15205.0,2,653.24,378
15206.0,4,420.3,162
15208.0,5,870.12,316
15210.0,1,331.18,228
15211.0,2,894.4100000000001,240
15212.0,1,101.8,36
15213.0,2,328.35,272
15214.0,8,1661.44,1254
15215.0,3,734.94,225
15216.0,1,96.6,28
15218.0,11,5756.89,3329
15219.0,1,305.75,45
15220.0,6,1778.96,1393
15221.0,1,403.25,43
15222.0,1,585.0,440
15223.0,2,755.75,213
15224.0,2,322.08,152
15225.0,1,409.40000000000003,226
15226.0,1,154.41,71
15227.0,5,1219.4,750
15228.0,4,3386.71,2255
15230.0,2,429.6,351
15232.0,2,612.06,686
15234.0,1,197.0,196
15235.0,12,2247.51,1324
15236.0,1,321.05,269
15237.0,4,1412.32,1071
15238.0,3,1071.99,692
15239.0,2,780.59,594
15240.0,5,1706.57,1369
15241.0,8,1756.44,1818
15243.0,1,316.68,185
15244.0,2,631.57,405
15245.0,3,2515.84,1784
15246.0,2,514.15,247
15247.0,1,356.0,160
15249.0,13,6688.46,3577
15251.0,11,10484.99,6171
15252.0,2,740.78,522
15253.0,5,918.2,866
15254.0,1,300.36,275
15255.0,1,890.85,489
15256.0,1,98.45,55
15257.0,1,317.15,46
15258.0,2,623.16,142
15260.0,7,1810.77,885
15261.0,1,254.82,270
15262.0,1,178.95000000000002,73
15263.0,1,156.51,89
15264.0,1,393.74,265
15265.0,2,1506.1200000000001,612
15266.0,1,119.3,18
15267.0,5,1717.36,944
15269.0,1,408.8,26
15270.0,7,2379.49,1521
15271.0,15,2507.07,1262
15272.0,2,721.94,310
15274.0,2,716.57,619
15275.0,1,615.14,498
15276.0,1,135.31,64
15277.0,1,255.89999999999998,205
15279.0,1,290.51,189
15280.0,1,113.12,154
15281.0,9,2332.15,1211
15286.0,1,240.55,55
15287.0,2,486.69,433
15288.0,5,2306.52,775
15289.0,3,939.78,1008
15290.0,18,7943.22,4501
15291.0,15,4668.3,2103
15292.0,1,180.94,56
15296.0,6,3672.86,1766
15297.0,3,641.94,292
15298.0,12,4799.9,3116
15299.0,7,4507.01,2948
15300.0,1,496.44,292
15301.0,12,5070.35,2775
15303.0,1,574.02,248
15304.0,8,694.4,104
15306.0,3,1174.3500000000001,810
15307.0,1,205.3,37
15308.0,1,310.47,175
15311.0,91,60767.9,38194
15312.0,4,924.85,516
15313.0,1,52.0,25
15314.0,1,327.97,313
15315.0,2,570.5,862
15316.0,1,165.0,100
15318.0,1,312.62,642
15319.0,1,204.5,175
15320.0,1,267.13,326
15321.0,3,2748.31,1181
15322.0,1,679.68,416
15325.0,1,162.29,232
15326.0,1,311.71,386
15327.0,1,208.75,116
15329.0,3,1049.7,486
15330.0,2,714.9599999999999,1312
15332.0,4,1661.06,652
15333.0,1,1028.56,344
15334.0,3,351.67,274
15335.0,1,173.97,80
15339.0,2,574.07,416
15341.0,1,2020.52,812
15342.0,1,406.09000000000003,283
15343.0,1,364.5,84
15344.0,3,563.94,116
15345.0,1,393.54,81
15346.0,1,252.42000000000002,144
15347.0,1,201.60000000000002,130
15348.0,1,158.04,84
15349.0,2,473.81,327
15350.0,1,115.65,51
15351.0,7,1960.11,753
15353.0,2,777.02,343
15355.0,2,277.05,45
15356.0,10,2766.5,1673
15358.0,22,8347.2,7050
15360.0,1,427.93,223
15361.0,1,418.92,336
15363.0,1,326.0,144
15364.0,2,913.19,493
15365.0,7,2314.32,1084
15366.0,2,602.51,621
15367.0,4,1877.5900000000001,1057
15368.0,1,446.94000000000005,230
15370.0,7,2386.05,830
15372.0,1,2007.4,2924
15373.0,12,2415.91,500
15374.0,1,168.0,126
15376.0,3,1233.3600000000001,619
15379.0,7,3703.29,2305
15380.0,5,1690.26,376
15381.0,2,596.85,171
15382.0,6,5955.71,4012
15384.0,2,642.41,596
15385.0,1,316.88,161
15386.0,1,394.14,446
15388.0,1,140.54,88
15389.0,1,500.0,400
15392.0,4,1535.53,1277
15393.0,2,231.86,150
15394.0,4,2183.54,910
15395.0,1,107.45,17
15396.0,1,288.18,122
15397.0,1,94.0,20
15398.0,2,1345.53,769
15399.0,3,815.77,611
15400.0,5,716.2,390
15402.0,2,626.77,694
15405.0,1,349.1,193
15406.0,2,510.71000000000004,254
15407.0,4,1056.44,558
15408.0,1,267.18,106
15410.0,8,3450.84,1200
15411.0,4,1358.88,530
15412.0,1,190.53,108
15414.0,3,774.9000000000001,443
15415.0,1,572.8100000000001,575
15416.0,4,3984.32,2090
15417.0,1,508.8,284
15419.0,1,135.86,230
15421.0,4,950.36,500
15422.0,2,97.7,38
15423.0,1,43.5,101
15424.0,2,383.34,554
15426.0,5,1447.39,674
15427.0,3,1483.14,1013
15428.0,1,93.78,102
15429.0,2,397.35,380
15432.0,1,171.19000000000003,65
15433.0,2,533.3,534
15434.0,5,1041.48,647
15435.0,1,149.29,54
15436.0,3,1122.53,613
15437.0,1,200.16,79
15438.0,1,156.57999999999998,59
15440.0,3,383.68,197
15442.0,1,594.0,120
15443.0,7,3236.91,1663
15444.0,2,1418.26,764
15445.0,1,113.5,58
15447.0,1,155.17000000000002,85
15448.0,1,494.64,232
15449.0,3,974.52,812
15450.0,1,429.84,376
15452.0,3,538.73,283
15453.0,7,1388.37,845
15454.0,1,179.1,86
15456.0,3,447.22,660
15457.0,1,237.07,132
15458.0,1,161.64,156
15460.0,1,216.76,109
15462.0,3,234.6,172
15463.0,1,126.14,106
15464.0,1,1048.85,350
15465.0,18,7354.62,1257
15466.0,1,334.53,246
15467.0,3,524.88,310
15468.0,2,467.51,155
15469.0,2,538.55,153
15471.0,1,469.48,266
15472.0,1,371.56,251
15473.0,7,1771.2,672
15475.0,1,454.11,319
15478.0,2,1441.42,585
15480.0,1,905.5,303
15482.0,12,11054.96,5020
15483.0,4,233.81,295
15484.0,4,3594.31,3152
15485.0,3,2575.0,1306
15488.0,1,91.32000000000001,73
15489.0,3,1134.28,608
15491.0,6,3100.09,1646
15492.0,2,659.46,483
15493.0,5,2001.8,560
15494.0,2,1299.23,1148
15497.0,2,1262.2,624
15498.0,27,13316.4,6105
15500.0,4,1131.56,572
15502.0,12,10384.93,4236
15503.0,1,147.09,74
15504.0,1,52.83,33
15505.0,5,3610.96,2390
15506.0,3,979.26,848
15507.0,1,492.36,162
15508.0,6,1000.27,440
15510.0,1,250.0,2
15511.0,5,909.23,271
15512.0,2,121.0,68
15513.0,19,14758.22,5709
15514.0,11,4139.46,2160
15516.0,3,62.43,27
15517.0,1,267.03,293
15518.0,8,1942.45,1273
15520.0,1,343.5,314
15521.0,8,3000.2,1836
15522.0,2,398.84,573
15523.0,1,412.01000000000005,132
15524.0,1,440.0,4
15525.0,3,825.92,416
15526.0,2,148.44,24
15527.0,8,2429.78,992
15528.0,1,229.33,123
15529.0,11,3995.23,3496
15530.0,4,1502.3500000000001,950
15531.0,2,2007.44,1105
15532.0,4,1580.93,521
15533.0,3,807.57,289
15535.0,4,536.4,143
15537.0,1,110.92,29
15539.0,1,538.46,410
15540.0,1,213.3,200
15541.0,1,85.13000000000001,49
15543.0,1,127.86,86
15544.0,9,3546.71,3109
15545.0,2,292.71999999999997,163
15547.0,14,4954.84,4032
15549.0,3,1693.26,698
15550.0,4,575.63,295
15551.0,1,436.06,218
15552.0,1,90.12,60
15553.0,1,437.23,451
15554.0,1,217.2,74
15555.0,16,4805.17,4439
15556.0,1,279.77,236
15557.0,1,473.65000000000003,219
15561.0,4,800.5899999999999,267
15562.0,1,134.55,39
15563.0,4,1400.44,1501
15565.0,2,173.16000000000003,60
15567.0,1,186.01,223
15568.0,3,758.29,461
15569.0,5,1375.71,666
15570.0,12,4165.52,2067
15571.0,4,650.4300000000001,264
15572.0,7,2552.86,1229
15573.0,2,607.45,363
15574.0,4,702.25,349
15576.0,1,940.67,404
15577.0,3,258.88,89
15578.0,1,127.1,52
15579.0,2,348.6,120
15581.0,13,3679.9700000000003,286
15582.0,3,682.9100000000001,453
15584.0,4,725.11,314
15585.0,1,455.3,320
15587.0,4,913.68,312
15589.0,3,478.53,243
15592.0,1,388.58,354
15593.0,1,199.8,60
15594.0,5,1771.78,983
15596.0,5,1406.59,561
15597.0,1,324.57,279
15598.0,1,240.68,160
15599.0,2,761.74,718
15601.0,14,6776.56,4983
15602.0,9,1297.8700000000001,1137
15603.0,1,48.480000000000004,96
15604.0,1,216.39000000000001,159
15605.0,5,1198.23,441
15606.0,9,2920.16,892
15607.0,1,104.76,202
15608.0,4,1093.68,714
15609.0,1,298.48,148
15610.0,1,112.46000000000001,66
15611.0,13,1591.45,504
15612.0,2,195.15,52
15615.0,23,10399.74,5508
15618.0,4,776.851,454
15619.0,1,336.4,136
15620.0,3,1553.18,915
15621.0,4,1293.03,501
15622.0,9,3709.56,1674
15623.0,1,301.03000000000003,125
15624.0,4,588.13,357
15625.0,4,1534.26,1188
15626.0,2,675.8,766
15628.0,9,2870.2400000000002,1894
15630.0,2,1186.35,800
15632.0,8,3285.31,2109
15634.0,1,243.55,99
15636.0,2,724.76,284
15637.0,1,223.36,128
15639.0,1,425.32,323
15640.0,15,12515.66,6607
15641.0,4,1887.2,1562
15643.0,3,664.0,246
15644.0,4,813.0,557
15645.0,1,612.01,256
15646.0,3,447.64000000000004,394
15648.0,2,657.35,221
15649.0,2,816.0,192
15651.0,3,646.3,479
15652.0,1,337.74,208
15653.0,2,877.44,1200
15654.0,2,922.53,475
15655.0,1,560.6700000000001,324
15656.0,4,748.5,343
15657.0,1,30.0,24
15658.0,5,1024.1000000000001,242
15659.0,1,306.45,111
15660.0,9,1600.86,1050
15661.0,2,309.8,236
15663.0,1,138.14,106
15664.0,1,386.43,157
15665.0,2,2242.01,1666
15667.0,1,301.32000000000005,240
15668.0,1,76.32000000000001,72
15669.0,4,684.34,342
15670.0,1,173.05,91
15671.0,7,2657.13,1699
15673.0,4,2881.02,1514
15674.0,5,2446.6,1275
15675.0,3,323.69,527
15676.0,3,3435.76,2252
15677.0,1,657.23,319
15678.0,1,352.7,184
15679.0,4,781.28,1170
15680.0,3,1333.68,952
15681.0,5,1426.16,816
15683.0,1,193.75,131
15687.0,9,2993.1,1310
15689.0,2,254.1,84
15690.0,2,239.76,408
15691.0,1,136.8,72
15692.0,1,191.04,138
15694.0,14,6479.4,1677
15695.0,2,409.98,212
15696.0,8,2736.46,1028
15699.0,1,309.65,113
15700.0,2,696.68,357
15701.0,4,1542.14,923
15703.0,1,211.5,66
15704.0,4,2293.62,1028
15705.0,1,143.1,62
15706.0,4,1060.56,321
15707.0,4,945.58,605
15708.0,7,3364.2400000000002,1267
15709.0,1,133.25,121
15712.0,5,1072.3600000000001,486
15713.0,2,356.7,150
15714.0,2,330.88,187
15716.0,4,1118.81,744
15717.0,1,150.3,70
15719.0,13,5045.61,2725
15720.0,1,598.73,281
15721.0,1,507.08000000000004,409
15722.0,5,2222.56,1026
15723.0,1,203.10000000000002,87
15724.0,2,218.25,73
15725.0,1,415.25,221
15727.0,7,5178.96,3065
15729.0,1,85.0,28
15730.0,3,1120.88,689
15732.0,2,294.12,215
15733.0,1,162.3,62
15734.0,2,1339.45,346
15737.0,8,1205.1200000000001,599
15738.0,16,4812.42,2982
15739.0,1,449.12,472
15740.0,1,154.88,152
15743.0,4,784.46,216
15744.0,1,34.8,120
15745.0,4,1094.5900000000001,421
15746.0,1,196.88,178
15747.0,3,974.04,480
15748.0,1,149.31,51
15749.0,3,44534.3,18028
15750.0,8,2465.48,1786
15752.0,7,2637.38,1978
15753.0,1,79.2,144
15754.0,3,458.57,199
15755.0,6,2364.25,1427
15756.0,4,532.96,242
15757.0,2,714.42,491
15758.0,1,205.25,47
15759.0,3,253.04000000000002,60
15762.0,2,583.75,251
15763.0,2,1086.92,271
15764.0,6,3279.9700000000003,2050
15766.0,1,315.06,170
15768.0,3,621.83,244
15769.0,26,56252.72,29672
15773.0,1,635.6800000000001,311
15774.0,1,270.8,87
15775.0,1,104.9,68
15776.0,1,241.62,138
15777.0,4,1047.1100000000001,378
15780.0,3,475.28000000000003,220
15781.0,3,345.46000000000004,180
15782.0,3,2614.74,864
15783.0,1,246.3,212
15785.0,5,2328.9700000000003,1612
15786.0,3,4932.2,3364
15787.0,3,948.05,540
15789.0,1,351.3,438
15790.0,1,220.85,114
15791.0,2,1612.69,731
15793.0,3,965.61,553
15795.0,1,610.01,581
15796.0,8,2711.56,861
15797.0,4,2207.4,873
15799.0,3,884.14,955
15800.0,2,699.08,335
15801.0,3,1063.95,570
15802.0,1,451.42,1
15803.0,1,415.82000000000005,290
15804.0,13,4206.39,2565
15805.0,17,5528.4800000000005,3387
15806.0,3,784.58,602
15807.0,3,903.9,430
15808.0,4,3734.9700000000003,1343
15809.0,5,515.77,301
15810.0,4,1391.98,861
15811.0,6,2218.62,1071
15812.0,5,1801.14,922
15813.0,2,1303.9099999999999,603
15814.0,4,1945.3300000000002,1271
15815.0,5,2100.6,1856
15819.0,4,1905.45,1357
15820.0,1,206.98,128
15821.0,2,570.96,202
15822.0,2,885.47,375
15823.0,1,15.0,1
15825.0,1,532.94,220
15826.0,3,1654.31,963
15827.0,14,1836.09,882
15829.0,2,636.14,996
15830.0,1,576.0,415
15831.0,3,801.76,1105
15832.0,1,836.79,465
15834.0,4,2233.75,965
15835.0,4,954.09,439
15836.0,1,137.37,26
15837.0,1,391.98,189
15838.0,19,33643.08,18368
15839.0,3,1048.49,675
15840.0,2,355.56,396
15841.0,4,1224.06,942
15843.0,1,118.95,27
15844.0,1,130.73999999999998,134
15845.0,8,3711.77,1926
15847.0,2,389.27,449
15850.0,2,238.85,302
15852.0,2,160.71,48
15853.0,1,110.8,135
15854.0,12,2974.65,939
15855.0,5,712.24,470
15856.0,27,16387.57,11005
15857.0,1,297.0,308
15858.0,5,1438.85,1167
15860.0,8,977.21,440
15861.0,8,3165.36,2544
15862.0,4,832.88,585
15863.0,2,68.84,19
15864.0,6,1936.32,1192
15865.0,3,895.13,368
15866.0,1,230.53,126
15867.0,15,3812.64,2054
15869.0,2,149.64,175
15870.0,1,354.09000000000003,335
15872.0,2,360.93,212
15874.0,7,4405.88,2534
15877.0,2,493.28,371
15880.0,1,343.28,211
15881.0,5,501.39,260
15882.0,4,516.36,276
15883.0,2,396.48,223
15885.0,3,379.35,111
15886.0,1,181.09,147
15888.0,1,168.31,76
15889.0,2,446.87,215
15891.0,1,524.52,442
15894.0,2,263.55,168
15895.0,1,179.17,94
15897.0,2,222.05,261
15898.0,5,1388.88,570
15899.0,1,56.25,39
15900.0,1,351.11,221
15901.0,3,363.88,384
15903.0,7,5126.76,2410
15904.0,1,164.68,84
15906.0,7,1567.69,544
15907.0,3,967.45,509
15909.0,1,191.94,98
15910.0,8,1232.18,1015
15912.0,2,264.62,185
15916.0,8,1528.09,757
15917.0,1,123.1,42
15918.0,2,334.23,153
15919.0,2,639.89,545
15920.0,4,167.5,99
15921.0,1,336.03000000000003,166
15922.0,1,369.5,138
15923.0,1,127.08,122
15925.0,1,207.15,93
15930.0,1,426.63,139
15932.0,8,2495.87,2325
15933.0,3,1107.46,885
15935.0,2,416.86,115
15937.0,1,145.35000000000002,73
15938.0,5,404.58000000000004,240
15939.0,15,6115.01,4728
15940.0,1,35.8,4
15942.0,1,337.44,232
15944.0,1,325.1,50
15945.0,1,181.0,52
15947.0,1,1708.24,898
15948.0,2,955.24,567
15949.0,2,364.72,284
15950.0,4,1765.51,729
15951.0,2,708.22,313
15952.0,4,806.57,399
15953.0,8,1659.3799999999999,892
15955.0,14,4416.26,2135
15957.0,1,428.89,211
15958.0,1,104.35,33
15963.0,2,470.76,298
15965.0,4,845.64,453
15967.0,2,418.83,211
15969.0,3,666.1,124
15970.0,1,314.09999999999997,116
15971.0,12,4199.85,1717
15973.0,1,307.82000000000005,106
15974.0,7,3442.15,2262
15975.0,1,371.01,243
15976.0,2,430.94,277
15977.0,2,1054.73,1016
15978.0,1,1098.78,888
15980.0,3,2398.86,1560
15981.0,8,3408.48,1866
15983.0,4,1475.02,892
15984.0,10,2837.67,1843
15985.0,2,1142.42,1086
15986.0,1,168.12,268
15987.0,7,1451.28,1556
15988.0,1,158.03,181
15990.0,2,792.11,443
15992.0,1,41.989999999999995,17
15993.0,7,2797.57,2051
15994.0,1,427.07,177
15996.0,6,1060.68,384
15998.0,5,3089.97,2041
16000.0,3,12393.7,5110
16003.0,5,2735.37,1185
16005.0,4,615.39,300
16006.0,1,101.4,84
16007.0,4,1701.94,1393
16008.0,3,478.78,323
16009.0,4,992.71,378
16010.0,3,407.5,210
16011.0,16,3362.71,2042
16012.0,3,1415.29,799
16013.0,47,37130.6,15536
16014.0,3,662.38,265
16015.0,3,705.39,909
16016.0,8,1508.76,620
16017.0,1,211.88,102
16018.0,2,408.9,190
16019.0,9,3786.24,1733
16020.0,3,851.01,487
16022.0,1,628.28,261
16023.0,3,719.81,358
16024.0,1,251.24,398
16025.0,1,439.65999999999997,338
16026.0,1,236.09,243
16027.0,6,934.62,1147
16029.0,63,81024.84,40208
16030.0,1,331.24,283
16031.0,2,548.94,423
16033.0,20,8816.4,3539
16034.0,3,437.70000000000005,242
16036.0,2,758.9200000000001,716
16037.0,3,855.02,428
16038.0,3,471.78,244
16040.0,3,1313.55,684
16041.0,3,3166.4,1584
16042.0,5,1197.27,755
16043.0,4,773.99,503
16045.0,4,1340.7,897
16048.0,2,256.44,144
16049.0,3,1111.79,793
16050.0,1,137.9,278
16052.0,1,362.06,282
16053.0,2,1511.95,1793
16054.0,1,783.9,380
16055.0,1,134.8,22
16056.0,1,664.85,347
16057.0,7,2263.12,863
16059.0,6,1459.8600000000001,643
16062.0,4,1153.62,800
16063.0,1,335.32,262
16065.0,1,372.09,231
16066.0,5,1521.87,936
16070.0,2,852.15,457
16071.0,1,326.24,180
16072.0,1,584.3199999999999,140
16073.0,1,122.4,48
16076.0,10,2234.73,1435
16078.0,1,79.2,16
16079.0,3,1352.0,864
16080.0,2,217.16,128
16081.0,5,2806.9,1477
16083.0,2,1317.62,908
16084.0,1,436.18,216
16085.0,5,981.51,636
16086.0,5,1121.39,511
16091.0,2,315.06,154
16092.0,3,817.86,628
16093.0,1,17.0,20
16094.0,4,1078.23,647
16096.0,1,320.62,155
16097.0,1,185.04999999999998,87
16098.0,7,2005.63,613
16099.0,3,731.9,434
16101.0,1,1290.7,757
16102.0,3,1842.14,942
16103.0,6,1429.64,558
16104.0,1,302.36,123
16105.0,1,336.96,330
16106.0,1,108.38,74
16107.0,7,3204.1600000000003,1176
16108.0,1,842.5,615
16109.0,2,611.88,612
16110.0,3,1337.48,733
16112.0,4,195.74,574
16113.0,1,161.38,176
16114.0,1,135.75000000000003,43
16115.0,8,1667.97,1001
16116.0,1,612.78,248
16117.0,1,232.21,130
16119.0,2,423.36,240
16120.0,4,1309.14,878
16121.0,2,867.11,586
16122.0,4,684.42,1128
16123.0,1,307.78000000000003,170
16124.0,1,249.0,48
16125.0,1,289.35,124
16126.0,4,6287.77,2125
16127.0,1,656.25,323
16128.0,5,1880.22,988
16131.0,6,3506.54,1802
16133.0,33,14589.04,8887
16134.0,2,618.09,371
16135.0,1,517.55,209
16136.0,3,709.38,440
16139.0,3,635.4100000000001,330
16140.0,2,725.1800000000001,730
16141.0,1,620.4,238
16142.0,1,535.34,422
16143.0,6,2424.94,919
16144.0,1,175.2,16
16145.0,11,3799.4900000000002,3123
16146.0,3,734.13,427
16147.0,1,375.0,246
16148.0,1,76.32000000000001,72
16149.0,2,280.52,308
16150.0,5,2053.02,1047
16152.0,1,1829.04,642
16153.0,5,1824.23,1073
16156.0,9,3122.04,1308
16157.0,3,656.69,347
16159.0,1,348.2,236
16160.0,2,1025.44,1162
16161.0,19,5575.56,2599
16162.0,1,37.4,4
16163.0,2,856.6,192
16164.0,3,822.48,433
16168.0,27,3787.6,1892
16169.0,4,1822.97,1325
16170.0,6,1885.05,1770
16171.0,1,73.19999999999999,24
16172.0,5,1140.21,787
16173.0,6,1418.32,575
16174.0,3,1009.55,651
16175.0,4,1037.5900000000001,533
16177.0,1,331.95,95
16178.0,1,197.9,94
16179.0,1,215.83,99
16180.0,8,10254.18,5867
16181.0,1,305.54,152
16182.0,4,6617.65,3791
16183.0,1,338.71000000000004,113
16184.0,6,1158.79,561
16185.0,2,529.41,260
16186.0,12,4006.94,3020
16187.0,15,6911.4400000000005,5048
16188.0,4,981.86,782
16189.0,2,215.48,134
16190.0,1,215.08,88
16191.0,13,5180.52,3351
16193.0,1,314.45,219
16198.0,1,400.68100000000004,129
16200.0,2,1080.6200000000001,523
16201.0,4,1863.47,1286
16202.0,1,365.27,191
16203.0,4,592.9,262
16204.0,1,405.71,231
16205.0,4,761.38,517
16206.0,4,537.0600000000001,272
16207.0,1,394.38,140
16208.0,2,664.26,333
16209.0,5,2262.62,1179
16210.0,18,21086.3,7559
16211.0,1,547.02,154
16212.0,2,690.34,244
16213.0,1,159.0,48
16214.0,3,1062.75,420
16215.0,1,242.35,104
16216.0,1,914.9300000000001,254
16217.0,2,304.25,91
16218.0,7,3084.68,2088
16221.0,3,864.86,717
16222.0,1,846.72,365
16224.0,4,1295.3,1116
16225.0,5,1096.32,493
16226.0,3,255.12,192
16227.0,1,314.22,90
16229.0,2,1010.6,318
16230.0,2,542.03,365
16232.0,4,990.88,550
16233.0,3,536.6800000000001,174
16235.0,5,867.3100000000001,330
16236.0,1,432.2,184
16239.0,2,414.2,228
16240.0,2,3718.8,1641
16241.0,13,2607.87,1453
16242.0,7,3603.21,1982
16243.0,2,409.1,110
16244.0,2,1522.75,855
16245.0,3,1413.66,1014
16247.0,1,114.56,182
16248.0,1,152.94,78
16249.0,5,1800.07,950
16250.0,2,389.44,208
16253.0,2,3683.86,3233
16255.0,8,2619.91,1767
16256.0,1,752.4300000000001,581
16257.0,1,46.95,2
16258.0,5,5203.51,2994
16260.0,1,1035.45,311
16261.0,4,746.83,306
16265.0,9,5447.0,2646
16266.0,7,861.89,398
16268.0,2,667.65,533
16270.0,1,1141.24,688
16271.0,5,1429.24,1038
16272.0,1,411.7,224
16274.0,1,357.95,155
16275.0,1,559.87,336
16276.0,1,810.6,420
16278.0,1,566.38,114
16279.0,3,1509.58,1054
16281.0,1,2062.06,934
16282.0,1,168.3,114
16283.0,5,1570.81,1236
16284.0,2,823.97,544
16287.0,1,142.5,298
16292.0,1,302.25,191
16293.0,10,2248.9900000000002,982
16295.0,4,1328.55,841
16297.0,1,301.9,206
16298.0,3,598.2,198
16302.0,1,233.22,158
16303.0,3,5360.63,2659
16305.0,1,361.22,256
16306.0,6,632.27,487
16308.0,4,2560.0,8000
16309.0,2,706.57,467
16311.0,2,616.26,394
16313.0,2,274.15000000000003,165
16315.0,1,226.37,75
16316.0,8,2938.91,1484
16317.0,3,1341.65,890
16318.0,1,328.15000000000003,199
16319.0,1,404.40000000000003,72
16320.0,2,1038.46,732
16321.0,5,373.65000000000003,135
16322.0,2,326.75,231
16323.0,1,207.50000000000003,50
16324.0,3,428.68,282
16325.0,3,594.24,194
16326.0,14,3110.96,709
16327.0,6,3844.2200000000003,2571
16330.0,3,251.91,147
16332.0,7,1593.2,801
16333.0,22,26626.8,32184
16337.0,1,151.05,87
16338.0,1,214.8,94
16339.0,1,109.95,23
16340.0,1,549.07,501
16341.0,4,1971.8700000000001,1398
16342.0,4,322.41,157
16343.0,2,370.48,195
16344.0,1,101.10000000000001,18
16345.0,1,575.41,289
16347.0,2,887.65,353
16348.0,7,1469.45,819
16349.0,1,53.5,9
16350.0,4,1116.47,545
16351.0,1,153.9,90
16352.0,2,494.44,300
16353.0,23,6675.71,2006
16354.0,2,395.8,150
16356.0,3,211.77,93
16357.0,3,658.88,246
16358.0,4,2027.5,1302
16359.0,9,1750.92,1183
16360.0,6,3512.53,2144
16361.0,4,896.66,421
16362.0,5,734.77,351
16363.0,1,109.36000000000001,52
16364.0,2,707.04,280
16365.0,9,1540.42,504
16366.0,1,327.3,256
16367.0,2,804.49,647
16368.0,2,497.43,260
16369.0,3,1553.66,1035
16370.0,4,1320.56,647
16372.0,2,367.93,166
16374.0,2,473.03,240
16376.0,2,987.01,694
16377.0,1,676.2,1500
16378.0,3,362.95,267
16379.0,4,2157.4,1410
16380.0,1,1780.59,1524
16383.0,2,668.36,475
16384.0,2,584.5,260
16385.0,3,555.89,261
16386.0,2,317.2,224
16387.0,1,94.36,44
16389.0,4,1382.0700000000002,1242
16392.0,1,221.19,203
16393.0,13,3046.21,1576
16394.0,5,1555.34,2604
16395.0,5,1486.9,1476
16398.0,2,1705.8,758
16399.0,2,408.57,264
16400.0,1,303.93,172
16401.0,12,4098.32,3882
16402.0,2,299.6,149
16403.0,1,177.5,114
16404.0,1,443.05,157
16405.0,2,167.25,187
16406.0,1,163.07,122
16407.0,10,2126.93,1124
16409.0,5,2028.88,1306
16411.0,2,214.65,132
16412.0,1,151.83,73
16413.0,1,262.2,148
16414.0,2,126.25,27
16415.0,1,210.35,187
16416.0,3,1051.4,672
16418.0,3,675.27,288
16419.0,6,972.23,436
16422.0,51,34684.4,33704
16423.0,1,346.12,230
16424.0,1,133.56,88
16425.0,1,302.7,199
16426.0,10,1908.25,1243
16427.0,2,241.06,156
16429.0,1,284.55,9
16430.0,1,300.85,103
16431.0,3,642.81,453
16432.0,1,287.40000000000003,276
16433.0,1,184.26,106
16434.0,7,1522.25,767
16438.0,5,798.35,463
16440.0,5,3640.67,2018
16441.0,2,381.2,173
16442.0,3,616.79,446
16444.0,4,654.67,407
16445.0,1,230.51,111
16446.0,2,168472.5,80997
16447.0,1,259.01,223
16448.0,1,188.89000000000001,78
16449.0,2,707.69,367
16450.0,1,311.92,200
16451.0,1,266.97,120
16454.0,2,6.9,3
16455.0,7,1841.18,988
16456.0,5,2158.37,1148
16457.0,1,208.36,140
16458.0,18,3482.7400000000002,2154
16460.0,3,814.72,879
16461.0,1,151.42,49
16462.0,3,136.0,16
16463.0,4,1422.4,1163
16464.0,3,1314.68,963
16466.0,7,1603.46,789
16468.0,1,74.9,31
16469.0,4,650.43,273
16470.0,4,762.39,531
16471.0,1,223.95000000000002,141
16473.0,3,316.11,196
16474.0,7,1871.5,943
16475.0,4,544.3,319
16477.0,7,2494.46,1415
16478.0,3,331.0,224
16479.0,2,300.83,102
16480.0,1,769.29,455
16482.0,1,220.62,346
16483.0,1,139.35,44
16484.0,2,404.3,200
16485.0,1,363.65,235
16488.0,3,498.8,728
16491.0,1,731.5,478
16493.0,4,1351.63,1164
16494.0,1,826.53,675
16495.0,3,684.41,337
16496.0,3,1599.52,1111
16497.0,6,2965.69,1396
16498.0,2,100.97,45
16499.0,2,365.45,127
16500.0,6,400.86,123
16503.0,4,1431.93,569
16504.0,1,484.38,524
16505.0,1,777.6,576
16506.0,2,90.30000000000001,42
16509.0,1,363.70000000000005,64
16510.0,1,248.1,92
16511.0,3,950.26,417
16513.0,4,874.59,407
16515.0,5,1627.13,833
16516.0,1,101.69999999999999,58
16517.0,1,162.70000000000002,96
16518.0,2,484.32,327
16519.0,2,215.07999999999998,54
16520.0,3,1046.57,558
16523.0,21,9418.470000000001,4265
16525.0,26,13027.45,7397
16526.0,1,290.36,106
16527.0,1,228.06,106
16528.0,1,244.41,171
16529.0,1,455.25,198
16531.0,7,1244.59,915
16532.0,3,6748.8,2016
16533.0,3,1095.56,612
16535.0,1,593.75,356
16536.0,1,548.97,251
16539.0,4,1388.81,477
16542.0,1,119.62,46
16545.0,1,339.3,78
16546.0,2,787.15,549
16549.0,10,4154.64,2365
16550.0,5,2298.97,1540
16551.0,3,922.12,970
16552.0,2,379.73,219
16553.0,12,5719.82,4600
16554.0,3,837.1,402
16555.0,2,285.89,175
16556.0,7,3313.79,1890
16557.0,2,281.85,111
16558.0,20,8338.49,5377
16560.0,2,841.41,500
16561.0,2,511.12,244
16563.0,1,1077.74,486
16565.0,1,173.7,46
16566.0,5,614.66,362
16567.0,2,865.6,996
16569.0,1,124.2,93
16570.0,10,3738.4,2112
16571.0,3,1421.69,1239
16572.0,3,1009.6,532
16573.0,2,663.61,360
16574.0,1,451.44,416
16581.0,1,105.84,134
16582.0,1,313.62,164
16583.0,1,233.45,111
16584.0,2,936.08,646
16586.0,1,463.95,95
16587.0,1,225.15,71
16589.0,3,459.24,368
16591.0,1,213.5,41
16592.0,16,4113.68,2927
16593.0,3,330.03,116
16594.0,1,181.09,64
16595.0,1,360.16,335
16596.0,2,250.15,97
16597.0,1,90.04,184
16598.0,1,145.05,73
16600.0,6,813.52,1145
16601.0,1,244.8,134
16602.0,1,528.08,336
16603.0,2,482.47,480
16607.0,14,3347.71,2859
16609.0,7,5493.46,2420
16610.0,1,75.66,66
16611.0,1,129.49,47
16612.0,4,1187.66,506
16613.0,1,618.59,293
16614.0,1,506.19,223
16616.0,2,500.42,370
16617.0,1,151.85,91
16618.0,5,2647.59,1363
16619.0,1,226.21,133
16620.0,2,178.96,88
16621.0,4,813.48,302
16623.0,1,129.45000000000002,39
16624.0,2,810.57,488
16625.0,1,333.08,164
16626.0,17,4413.1,2690
16627.0,1,322.8,162
16628.0,5,2188.05,1205
16629.0,2,417.73,493
16633.0,6,2883.1,1138
16634.0,2,217.9,82
16637.0,4,1154.47,927
16638.0,10,1680.72,1255
16639.0,3,1257.51,510
16641.0,1,231.1,256
16642.0,2,688.33,479
16643.0,1,487.51,269
16644.0,2,833.78,826
16647.0,2,214.06,146
16648.0,1,290.66,281
16650.0,1,518.42,372
16652.0,7,6773.97,3283
16653.0,2,1212.66,733
16654.0,4,601.27,282
16655.0,6,3794.52,2367
16656.0,15,8625.8,8894
16657.0,4,933.62,1229
16658.0,1,123.24,40
16659.0,1,39.12,72
16660.0,4,1267.65,571
16665.0,1,135.4,59
16666.0,1,118.98,233
16667.0,2,570.13,237
16668.0,6,306.72,318
16669.0,3,1374.87,888
16670.0,11,4095.9,2556
16671.0,3,1692.27,875
16672.0,20,8134.9400000000005,2832
16674.0,2,319.61,188
16676.0,4,1592.12,636
16678.0,12,3109.99,2397
16679.0,1,129.75,29
16680.0,1,183.7,94
16681.0,6,1770.3400000000001,1407
16682.0,5,1028.0,1040
16684.0,28,66653.56,50255
16685.0,2,324.24,396
16686.0,7,3062.83,2030
16688.0,4,1260.8600000000001,804
16689.0,2,422.6,330
16690.0,2,225.58,138
16692.0,2,1276.0,152
16693.0,2,482.01,204
16696.0,4,657.9,146
16697.0,1,112.75,27
16698.0,2,1998.0,840
16700.0,13,5076.55,4024
16701.0,13,5398.3,6393
16705.0,20,14034.99,5476
16706.0,3,531.35,249
16708.0,1,656.63,285
16709.0,5,3029.87,851
16710.0,10,2483.04,1836
16711.0,5,1651.03,833
16712.0,11,3645.43,1749
16713.0,15,6923.13,4276
16714.0,3,1161.53,610
16715.0,1,301.71999999999997,642
16716.0,2,901.2,120
16717.0,6,3858.38,1866
16718.0,1,623.75,413
16719.0,7,1790.42,1204
16720.0,1,155.24,182
16721.0,1,292.47,172
16722.0,13,4730.81,5001
16723.0,2,589.15,399
16725.0,7,781.02,294
16726.0,5,1382.02,977
16727.0,1,272.82,177
16728.0,4,1054.67,677
16729.0,21,7239.92,5783
16730.0,3,743.11,994
16732.0,1,603.75,317
16734.0,3,650.51,346
16735.0,5,2300.56,1573
16737.0,1,417.6,288
16738.0,1,3.75,3
16739.0,1,323.0,172
16742.0,1,464.9,1
16743.0,7,2238.09,2047
16744.0,7,1304.76,805
16745.0,17,7194.3,6735
16746.0,18,6697.66,4665
16747.0,2,836.0600000000001,583
16748.0,5,1515.9,880
16750.0,5,623.93,214
16751.0,1,1764.72,1031
16752.0,1,207.5,54
16753.0,1,223.92000000000002,189
16754.0,1,2002.4,4280
16755.0,3,1496.83,1064
16756.0,1,239.4,106
16757.0,1,106.83000000000001,81
16758.0,1,369.34000000000003,203
16759.0,3,789.79,609
16761.0,1,316.62,341
16762.0,3,1501.38,618
16763.0,1,611.8499999999999,319
16764.0,13,2799.25,1259
16765.0,1,34.0,4
16766.0,2,1145.6,536
16767.0,11,5580.6,4435
16768.0,3,478.09000000000003,196
16769.0,1,380.39,83
16770.0,5,770.1,464
16771.0,5,2246.81,1489
16773.0,1,171.59,171
16774.0,4,661.52,322
16775.0,11,1695.66,440
16776.0,1,388.28,262
16777.0,2,226.35,64
16778.0,2,245.94,194
16779.0,22,10629.72,5325
16780.0,2,425.19,271
16781.0,1,311.25,113
16782.0,13,2279.9,712
16784.0,1,107.6,24
16788.0,2,597.48,311
16789.0,1,80.80000000000001,32
16790.0,6,1545.6200000000001,898
16791.0,7,1721.78,763
16792.0,2,110.38,44
16793.0,1,243.84,146
16794.0,10,1222.71,937
16795.0,1,414.88,239
16796.0,1,305.62,186
16800.0,1,1201.49,540
16801.0,4,1619.73,499
16803.0,1,332.3,245
16804.0,3,536.99,246
16805.0,2,460.59000000000003,539
16806.0,4,801.49,378
16807.0,3,1121.59,778
16808.0,2,288.42,196
16809.0,5,914.69,652
16810.0,1,309.54,114
16811.0,2,547.07,477
16812.0,1,479.35,81
16813.0,10,1692.98,1525
16814.0,21,6509.1,2769
16816.0,4,417.06,274
16817.0,9,1604.75,822
16818.0,11,3349.57,2164
16820.0,1,497.61,307
16823.0,1,358.38,136
16824.0,2,460.64,236
16825.0,2,775.18,566
16826.0,1,341.7,158
16828.0,2,128.5,59
16829.0,1,197.22,99
16830.0,1,325.91,264
16832.0,3,199.15,33
16833.0,4,1106.53,440
16834.0,1,413.46,358
16835.0,2,180.85,61
16836.0,2,251.87,165
16837.0,11,3170.98,1563
16838.0,2,588.85,185
16839.0,34,16594.35,8975
16841.0,6,1869.82,2250
16842.0,3,1264.19,693
16843.0,16,10196.57,10159
16846.0,1,214.32,135
16847.0,1,193.44,78
16848.0,1,281.42,182
16849.0,1,124.57,33
16850.0,1,332.41,249
16851.0,3,342.45,271
16852.0,2,144.91,56
16855.0,2,328.40000000000003,164
16856.0,1,35.400000000000006,12
16858.0,1,375.69000000000005,91
16859.0,2,747.81,827
16861.0,2,173.76,140
16863.0,2,502.8,409
16866.0,3,207.74,60
16869.0,4,825.4200000000001,585
16871.0,6,2812.34,1253
16872.0,3,680.02,600
16873.0,6,7123.62,3840
16875.0,5,2095.53,1069
16877.0,6,853.72,463
16878.0,1,13.3,12
16880.0,7,1519.08,753
16881.0,1,432.0,600
16882.0,3,705.12,424
16883.0,2,276.73,104
16884.0,2,429.84,320
16885.0,3,471.51,184
16887.0,1,194.88,157
16889.0,3,1578.67,925
16891.0,5,809.7,283
16892.0,5,525.54,239
16893.0,1,145.93,62
16895.0,1,219.14,102
16897.0,2,289.78,73
16898.0,3,508.81,419
16899.0,6,1281.56,522
16900.0,3,887.11,833
16902.0,1,1706.88,629
16903.0,1,373.24,262
16904.0,16,3754.27,2034
16905.0,7,3102.43,1408
16906.0,4,579.77,281
16907.0,5,981.65,298
16909.0,1,379.14,436
16910.0,8,1510.06,886
16912.0,11,2575.38,1029
16913.0,1,113.44,82
16914.0,1,208.46,121
16915.0,6,621.6800000000001,132
16916.0,2,576.26,440
16917.0,1,391.52,232
16918.0,6,1068.82,721
16919.0,11,2596.45,1413
16921.0,1,169.79,171
16923.0,19,7247.61,3417
16924.0,3,846.75,493
16926.0,1,230.25,35
16927.0,3,543.05,993
16928.0,17,2847.6,2114
16929.0,7,1295.39,929
16930.0,3,380.55,341
16931.0,21,4604.22,3158
16932.0,1,161.94,87
16933.0,2,563.23,288
16934.0,2,950.9300000000001,399
16936.0,1,262.68,173
16938.0,4,2736.38,2540
16940.0,3,3049.88,2169
16942.0,9,1920.59,811
16943.0,3,816.73,145
16945.0,19,4345.5,2725
16947.0,1,406.48,312
16948.0,3,435.02,1614
16949.0,6,1286.27,791
16950.0,3,1178.56,644
16951.0,3,1277.75,1318
16952.0,2,167.61,92
16953.0,1,20.8,10
16954.0,9,2085.08,1054
16955.0,4,518.67,266
16956.0,1,308.74,114
16957.0,2,416.64,172
16959.0,1,117.35000000000001,49
16960.0,3,507.05,304
16961.0,1,234.17000000000002,125
16963.0,1,110.55000000000001,35
16965.0,1,201.19,291
16966.0,7,2154.97,1981
16967.0,1,319.02,333
16968.0,2,439.43,326
16969.0,3,650.41,816
16971.0,1,357.21,72
16976.0,1,251.51999999999998,88
16978.0,1,344.33,166
16979.0,6,1852.0,865
16980.0,2,1078.96,788
16982.0,1,384.06,182
16983.0,7,1931.25,1379
16984.0,2,4481.35,2423
16985.0,10,5464.12,1832
16986.0,2,1873.2,1040
16987.0,7,1625.05,402
16988.0,1,126.12,43
16989.0,6,1133.25,1233
16990.0,1,179.0,100
16992.0,5,1614.31,860
16996.0,6,1456.96,544
16997.0,3,702.0,360
16998.0,4,295.0,76
16999.0,2,484.82,294
17001.0,11,3989.57,2164
17002.0,3,1493.73,679
17004.0,2,1412.94,819
17006.0,4,781.78,272
17007.0,6,889.9300000000001,597
17010.0,1,195.36,118
17011.0,1,270.9,186
17014.0,3,586.33,245
17015.0,3,1842.56,1981
17017.0,20,8694.26,6673
17018.0,2,920.1,176
17019.0,4,1272.61,827
17022.0,1,71.0,108
17024.0,3,95.85,69
17025.0,3,357.77,235
17026.0,2,154.83,97
17027.0,6,890.29,421
17029.0,2,716.0,400
17030.0,1,146.87,146
17031.0,2,380.35,235
17033.0,3,1030.14,750
17034.0,3,745.52,410
17035.0,2,433.53000000000003,229
17037.0,1,1267.32,656
17038.0,1,112.4,28
17040.0,1,449.73,181
17041.0,3,1081.57,951
17042.0,5,1044.38,994
17043.0,4,1735.18,998
17044.0,1,948.48,504
17045.0,3,339.44,106
17046.0,1,642.02,510
17047.0,3,1100.9,533
17048.0,3,925.35,485
17049.0,9,5659.9800000000005,2676
17050.0,6,3228.84,1614
17051.0,1,247.14,184
17052.0,1,413.75,261
17053.0,1,498.48,122
17054.0,5,1356.33,804
17058.0,3,1179.89,592
17059.0,5,3095.04,1855
17060.0,1,234.24,216
17061.0,11,5232.2300000000005,1526
17062.0,4,538.37,430
17063.0,7,1461.14,770
17064.0,3,859.35,318
17068.0,21,4552.14,2164
17069.0,9,2709.7000000000003,1506
17070.0,1,312.14,133
17071.0,9,2429.03,1197
17073.0,4,1446.09,759
17075.0,4,834.12,292
17076.0,3,841.0799999999999,295
17078.0,2,378.2,788
17079.0,1,118.80000000000001,24
17080.0,2,287.62,166
17081.0,2,290.16,78
17082.0,2,2003.8500000000001,1049
17083.0,3,1405.78,772
17084.0,2,2949.75,1816
17085.0,5,1566.65,786
17086.0,6,2050.08,1859
17088.0,4,1991.01,868
17090.0,7,2043.95,921
17091.0,9,3827.76,1746
17092.0,4,1777.78,1131
17094.0,1,302.0,152
17095.0,3,1324.16,618
17096.0,4,1022.13,339
17097.0,8,954.42,459
17100.0,2,971.74,800
17101.0,4,1621.73,815
17102.0,1,25.5,2
17105.0,2,665.78,693
17107.0,6,10815.43,4837
17109.0,6,885.04,589
17110.0,1,163.29999999999998,50
17111.0,1,248.61,302
17114.0,8,808.62,219
17115.0,3,837.5,372
17117.0,1,116.2,68
17118.0,1,157.02,154
17119.0,2,606.91,334
17120.0,1,307.46,120
17122.0,1,138.32,80
17123.0,1,345.3,246
17124.0,1,298.89,130
17125.0,1,259.35,291
17126.0,5,1004.75,792
17128.0,1,157.09,76
17131.0,5,2463.17,983
17133.0,7,4892.240000000001,2730
17134.0,2,425.0,102
17135.0,7,1139.73,1224
17138.0,1,380.5,126
17139.0,12,10668.47,5182
17140.0,1,465.32,302
17142.0,1,579.0,81
17144.0,2,984.57,483
17146.0,3,749.78,212
17147.0,4,1714.59,882
17148.0,1,124.88,82
17152.0,3,1689.5,517
17153.0,1,213.78,104
17154.0,1,329.34,490
17155.0,2,251.7,242
17157.0,2,319.0,172
17158.0,3,1266.97,778
17159.0,3,1538.88,1111
17160.0,6,3518.03,2856
17162.0,10,1715.46,1001
17163.0,2,293.1,66
17164.0,7,2467.35,1501
17165.0,1,158.68,100
17166.0,2,206.34,78
17169.0,2,835.78,526
17171.0,1,224.91,185
17172.0,1,317.76,480
17173.0,8,3766.6,1122
17174.0,1,59.9,41
17175.0,4,1443.69,866
17176.0,1,306.13,170
17179.0,3,711.79,290
17180.0,4,796.03,683
17181.0,2,239.92000000000002,241
17183.0,6,3347.31,1296
17186.0,2,144.0,200
17187.0,1,203.95,144
17188.0,7,2474.23,1328
17189.0,2,384.4,227
17190.0,2,444.74,161
17191.0,7,2095.13,1167
17193.0,7,1699.3,1254
17194.0,2,262.62,119
17197.0,1,1013.01,191
17198.0,3,692.22,357
17201.0,1,342.63,268
17203.0,6,3563.85,2850
17204.0,4,1564.56,646
17205.0,1,384.08,884
17206.0,1,204.24,76
17211.0,8,2317.2200000000003,1323
17212.0,1,226.85,147
17213.0,7,2781.23,1176
17214.0,6,1069.1200000000001,276
17217.0,1,113.5,24
17218.0,10,1960.72,958
17219.0,1,114.23,89
17220.0,14,3198.25,1905
17221.0,2,335.13,288
17222.0,1,354.15,128
17223.0,2,426.79,112
17226.0,1,393.49,406
17227.0,6,939.32,741
17228.0,8,1906.09,1532
17229.0,2,318.76,185
17230.0,8,3638.41,1651
17231.0,10,3174.32,1742
17232.0,2,421.52,203
17233.0,1,190.88,131
17234.0,1,149.89,55
17235.0,2,550.0600000000001,224
17236.0,6,916.13,474
17237.0,2,314.69,105
17238.0,17,3744.65,1822
17239.0,1,382.5,150
17242.0,2,1135.04,611
17243.0,26,8676.85,3370
17244.0,1,954.9,616
17245.0,1,171.45000000000002,75
17247.0,1,282.19,106
17248.0,1,318.65,213
17250.0,2,384.52,168
17251.0,1,283.28000000000003,110
17252.0,2,353.86,193
17253.0,1,178.26,43
17254.0,2,272.44,252
17255.0,2,298.41,232
17256.0,2,240.0,141
17259.0,2,603.37,410
17262.0,5,1253.3600000000001,367
17263.0,1,63.440000000000005,36
17265.0,2,562.9,394
17266.0,3,310.64,161
17267.0,2,317.62,159
17268.0,4,763.64,844
17272.0,4,2148.63,1778
17274.0,1,111.98,79
17277.0,2,1065.3500000000001,430
17278.0,1,246.04000000000002,179
17279.0,1,187.82999999999998,48
17282.0,3,1703.41,1877
17284.0,6,1652.58,1364
17286.0,1,153.92,118
17287.0,7,1064.11,559
17288.0,7,1419.73,1203
17289.0,3,944.41,520
17290.0,2,525.24,404
17291.0,1,550.8000000000001,72
17293.0,9,1875.11,1140
17295.0,3,556.95,294
17297.0,1,131.78,67
17298.0,2,498.42,387
17299.0,4,669.11,678
17301.0,1,197.63,149
17302.0,5,1135.63,575
17303.0,1,250.04,144
17306.0,19,8631.31,11491
17309.0,1,82.75,41
17311.0,2,1384.85,1005
17312.0,3,644.3,372
17313.0,1,2328.84,1402
17314.0,8,2527.92,1896
17315.0,38,6292.26,3888
17317.0,3,2600.34,1146
17320.0,3,1200.6200000000001,634
17321.0,2,700.86,373
17323.0,7,921.0699999999999,776
17324.0,4,990.23,844
17325.0,1,96.8,60
17329.0,2,523.11,142
17330.0,2,363.9,120
17331.0,1,175.2,16
17333.0,1,494.25,375
17334.0,2,307.02000000000004,315
17337.0,4,2027.8700000000001,1269
17338.0,8,6643.93,3128
17339.0,2,243.36,152
17340.0,11,12353.29,5967
17341.0,3,781.36,489
17343.0,1,193.64,56
17344.0,1,160.57,66
17345.0,4,537.74,346
17346.0,15,2676.56,1657
17347.0,1,228.96,216
17348.0,5,1159.52,1401
17349.0,1,110.75,112
17350.0,4,1286.07,795
17351.0,3,587.15,113
17353.0,2,1740.0,1200
17354.0,1,1393.06,1006
17356.0,1,178.22,166
17357.0,2,388.14,153
17358.0,2,365.85,202
17359.0,1,127.86,161
17360.0,3,585.79,335
17361.0,3,488.2,157
17362.0,2,312.23,191
17364.0,11,4481.18,2701
17365.0,8,4801.56,4777
17367.0,1,168.4,150
17368.0,8,1912.67,1391
17370.0,4,446.18,540
17371.0,3,423.89,152
17372.0,8,1342.68,749
17373.0,4,646.92,408
17374.0,2,495.77,85
17375.0,3,400.1,367
17376.0,2,203.2,86
17377.0,20,4100.92,2076
17379.0,1,404.66,663
17381.0,29,20275.61,25649
17382.0,1,65.4,25
17383.0,1,199.29,150
17384.0,2,336.4,88
17385.0,1,261.11,201
17386.0,6,2686.42,1902
17387.0,2,784.11,542
17388.0,4,1259.56,1068
17389.0,34,31833.68,7612
17391.0,2,508.8,480
17392.0,2,457.91,320
17394.0,1,203.86999999999998,241
17396.0,8,7330.8,2005
17397.0,2,696.41,254
17398.0,3,653.38,310
17400.0,5,2129.96,1097
17402.0,13,2633.85,701
17403.0,1,281.62,117
17404.0,15,31906.82,32748
17405.0,3,1031.41,726
17406.0,3,2200.42,787
17408.0,1,32.65,3
17409.0,2,771.85,105
17410.0,5,1214.72,616
17411.0,3,778.94,306
17412.0,7,1258.06,738
17414.0,2,778.0,2100
17415.0,1,507.84,114
17416.0,7,6893.42,4302
17418.0,2,463.46000000000004,289
17419.0,12,4226.57,1876
17420.0,3,598.83,265
17422.0,6,1979.37,2253
17423.0,2,698.41,459
17425.0,2,759.1700000000001,407
17426.0,6,5037.26,3094
17427.0,1,100.8,34
17428.0,28,17256.85,9474
17429.0,3,524.9200000000001,624
17430.0,2,265.76,190
17431.0,1,403.3,292
17432.0,2,365.76,207
17433.0,1,303.16,185
17434.0,7,2373.82,1693
17436.0,2,216.3,90
17438.0,1,388.45000000000005,103
17440.0,3,186.42000000000002,246
17442.0,6,2248.56,1496
17443.0,1,534.24,504
17444.0,3,2940.04,2119
17446.0,2,120.89999999999999,198
17447.0,2,541.53,443
17449.0,7,2520.86,1122
17450.0,46,194550.79,69993
17451.0,7,1721.4,1203
17453.0,2,486.72,219
17454.0,4,517.53,243
17455.0,1,131.7,66
17456.0,1,249.86,222
17457.0,5,1737.7,826
17458.0,1,316.5,170
17459.0,2,657.3,537
17460.0,6,622.4300000000001,236
17461.0,3,757.46,799
17462.0,2,675.69,227
17463.0,5,1896.41,1095
17464.0,1,289.96000000000004,220
17466.0,2,763.28,306
17468.0,2,137.0,116
17469.0,5,1870.97,787
17470.0,5,1125.07,1675
17472.0,3,710.29,462
17475.0,1,194.37,178
17480.0,1,511.82,338
17481.0,4,1255.59,1061
17483.0,3,414.04,191
17486.0,1,396.87,191
17489.0,2,376.64,428
17490.0,7,2092.32,1134
17491.0,10,3558.87,2013
17492.0,1,374.57,155
17495.0,2,497.56,229
17496.0,1,271.05,79
17498.0,1,272.21999999999997,394
17499.0,1,622.88,711
17500.0,3,1138.0,17
17501.0,2,288.6,160
17502.0,4,689.1,376
17503.0,2,558.96,486
17504.0,9,2997.03,1664
17505.0,2,1145.8400000000001,556
17506.0,1,302.2,139
17507.0,2,605.58,359
17508.0,1,387.31,289
17509.0,8,6115.14,3534
17510.0,1,308.48,214
17511.0,31,91062.38,64549
17512.0,10,2924.9900000000002,2753
17513.0,1,513.2,254
17514.0,1,208.65,135
17515.0,4,639.02,243
17516.0,5,768.08,416
17517.0,1,153.94,102
17519.0,6,1844.02,1236
17520.0,1,546.81,365
17521.0,3,723.21,519
17522.0,5,1070.71,1034
17523.0,4,652.74,872
17524.0,1,145.0,90
17525.0,1,422.7,82
17526.0,4,1195.8999999999999,310
17527.0,4,939.37,488
17528.0,8,3628.5,2138
17530.0,10,2385.0,1526
17531.0,1,296.7,136
17534.0,1,223.36,103
17535.0,1,164.4,136
17536.0,1,76.5,6
17537.0,2,897.62,700
17538.0,1,98.42,134
17540.0,2,578.9,194
17542.0,1,170.75,134
17545.0,3,645.96,341
17548.0,1,103.3,58
17549.0,2,148.86,210
17550.0,3,267.16,86
17551.0,1,306.84,150
17552.0,4,930.41,719
17553.0,1,1487.6,1048
17554.0,5,1952.45,1763
17555.0,2,483.26,349
17556.0,1,157.9,101
17557.0,3,541.46,306
17560.0,4,854.95,635
17561.0,1,167.62,146
17562.0,7,1122.38,817
17564.0,3,454.01,146
17566.0,2,901.21,518
17567.0,8,4331.48,2632
17569.0,1,344.14,159
17571.0,4,1498.51,905
17572.0,4,226.75000000000003,95
17573.0,3,380.6,308
17574.0,1,185.65,77
17576.0,19,3622.68,1994
17578.0,1,143.45999999999998,138
17579.0,3,448.90000000000003,258
17580.0,3,215.72,88
17581.0,25,11045.04,5927
17582.0,1,175.27,123
17584.0,2,1242.3,458
17585.0,4,1133.07,1671
17588.0,3,1240.2,676
17589.0,4,2404.17,1631
17590.0,3,1479.22,828
17591.0,7,2225.9700000000003,1009
17593.0,5,3927.34,3101
17594.0,2,993.1800000000001,550
17595.0,2,388.79,229
17596.0,7,2827.93,4400
17597.0,1,2044.3700000000001,1176
17600.0,1,161.67000000000002,144
17601.0,1,116.00999999999999,103
17602.0,6,5102.97,4151
17603.0,1,394.72,74
17604.0,2,309.36,169
17608.0,2,193.42,232
17609.0,5,1112.22,723
17611.0,15,3984.22,2560
17612.0,6,2048.45,1808
17613.0,14,4559.150000000001,2496
17614.0,1,390.07,238
17615.0,3,329.6,140
17616.0,3,571.1999999999999,224
17618.0,3,971.58,331
17619.0,1,218.52,127
17620.0,1,81.44,60
17621.0,3,1379.9,514
17623.0,1,527.05,265
17624.0,2,843.48,554
17625.0,4,2047.0,1198
17628.0,1,75.75,79
17629.0,8,1814.1200000000001,1629
17630.0,2,503.6,158
17631.0,3,528.33,334
17633.0,4,1324.84,644
17634.0,9,2361.9700000000003,840
17636.0,1,285.56,182
17637.0,2,547.0600000000001,280
17639.0,1,108.5,49
17640.0,1,621.66,250
17642.0,2,712.29,474
17643.0,1,101.55,71
17644.0,11,2895.64,1793
17646.0,3,1008.39,323
17647.0,1,133.06,30
17648.0,4,1797.5,487
17649.0,1,868.49,399
17650.0,1,166.07999999999998,150
17651.0,10,3945.0,3112
17652.0,12,4867.72,2509
17653.0,4,1207.56,1409
17654.0,1,117.55,41
17655.0,7,2638.94,1116
17656.0,5,1674.69,1399
17658.0,2,595.42,616
17659.0,12,2999.46,1525
17660.0,1,196.0,130
17663.0,7,1802.91,797
17664.0,2,604.64,604
17666.0,2,728.16,596
17667.0,5,2055.51,1033
17668.0,2,347.75,93
17669.0,7,3406.7200000000003,1916
17670.0,1,205.7,110
17671.0,4,1572.71,772
17672.0,2,3178.17,1690
17673.0,6,1629.12,1487
17674.0,2,551.04,672
17675.0,31,20374.28,8360
17676.0,6,1387.68,932
17677.0,30,16363.23,9775
17678.0,1,298.11,207
17679.0,2,1992.1100000000001,729
17680.0,1,184.4,96
17682.0,6,2474.33,1367
17684.0,1,239.41,145
17685.0,7,3191.53,1956
17686.0,7,5739.46,2478
17690.0,15,4757.95,1773
17691.0,2,290.40000000000003,134
17692.0,4,740.94,672
17693.0,1,200.47,231
17694.0,1,283.12,184
17695.0,2,765.34,779
17696.0,8,2285.71,1756
17697.0,1,338.95,93
17698.0,1,154.95,93
17700.0,4,2534.64,1266
17701.0,1,417.95,109
17702.0,4,1824.37,1353
17703.0,3,798.74,590
17704.0,2,885.19,343
17705.0,9,1823.52,963
17706.0,17,10504.49,3899
17707.0,2,152.4,144
17708.0,2,267.08,91
17709.0,1,137.45,17
17711.0,2,385.1,246
17712.0,1,522.91,215
17714.0,1,153.0,92
17715.0,1,326.4,384
17716.0,11,5655.99,3072
17718.0,1,139.35,83
17719.0,15,5396.04,2466
17720.0,4,1195.94,576
17722.0,4,2424.04,1595
17723.0,6,3276.4000000000005,792
17724.0,3,1033.0,300
17725.0,11,3439.08,2162
17727.0,1,1060.25,645
17728.0,3,2876.01,1469
17730.0,13,5298.4800000000005,3576
17731.0,4,1240.11,493
17732.0,1,303.97,93
17733.0,2,692.19,463
17734.0,3,700.63,422
17735.0,19,13110.02,8439
17736.0,3,377.44,238
17737.0,2,168.24,108
17738.0,4,1879.05,1029
17739.0,7,2791.35,861
17742.0,2,355.11,89
17744.0,6,2322.4,3412
17746.0,1,110.25,29
17747.0,1,71.4,12
17749.0,2,674.52,320
17750.0,9,1797.57,3957
17752.0,1,80.64,192
17754.0,5,1772.26,1869
17757.0,30,5605.29,3320
17758.0,8,3456.7,2091
17759.0,3,834.99,708
17760.0,2,287.59,239
17761.0,1,712.78,398
17763.0,1,15.0,12
17764.0,2,818.82,395
17765.0,3,371.88,144
17767.0,1,271.2,128
17768.0,3,2273.1800000000003,1186
17769.0,10,3997.98,1862
17770.0,5,1143.27,365
17771.0,2,245.81,287
17772.0,2,182.77,58
17774.0,4,1225.41,512
17775.0,1,56.4,72
17777.0,3,665.86,507
17779.0,3,658.57,397
17781.0,2,188.02,34
17783.0,2,283.47,354
17785.0,1,131.94,67
17786.0,2,278.74,200
17787.0,4,1865.19,910
17788.0,2,1117.9,211
17789.0,1,225.9,74
17790.0,14,1965.55,836
17791.0,1,106.1,46
17793.0,1,323.04,232
17795.0,2,350.39,341
17796.0,4,697.9,178
17797.0,3,780.43,498
17799.0,10,3055.93,1758
17800.0,9,1199.01,736
17802.0,3,1285.04,752
17805.0,1,512.31,478
17806.0,1,546.04,727
17809.0,12,5411.91,2057
17811.0,39,7837.7300000000005,4177
17812.0,4,732.16,350
17813.0,5,1770.88,790
17816.0,4,36.56,30
17817.0,3,387.68,67
17819.0,7,3704.87,1031
17824.0,1,298.4,408
17827.0,5,1995.46,1247
17828.0,4,1820.09,667
17829.0,1,889.24,496
17830.0,3,398.7,92
17831.0,1,35.400000000000006,12
17832.0,1,155.37,208
17835.0,3,350.64,348
17836.0,1,110.21000000000001,88
17837.0,8,1593.38,518
17838.0,5,2779.3,1879
17839.0,1,338.8,285
17841.0,124,40991.57,23071
17843.0,1,205.48,113
17844.0,1,51.559999999999995,52
17846.0,1,2033.1,1
17848.0,9,901.2,398
17849.0,4,605.8000000000001,114
17850.0,34,5391.21,1733
17852.0,2,114.34,53
17854.0,2,311.26,84
17855.0,1,208.97,197
17856.0,4,1418.03,842
17857.0,23,26879.04,19256
17858.0,12,5155.66,2706
17859.0,1,148.21,127
17860.0,1,252.8,104
17861.0,8,2100.8,1988
17862.0,1,330.9,100
17863.0,6,3160.0,2638
17864.0,3,597.5,810
17865.0,20,10526.32,5757
17866.0,1,329.65000000000003,174
17867.0,6,1197.1000000000001,542
17869.0,5,428.18,111
17870.0,12,1894.35,1401
17871.0,1,155.9,182
17873.0,5,1859.16,1047
17874.0,6,683.46,221
17877.0,1,237.61,98
17878.0,1,379.45,401
17879.0,1,178.52,45
17880.0,1,458.92,314
17881.0,1,133.35,32
17883.0,4,671.77,379
17884.0,4,717.45,854
17885.0,1,190.19,167
17886.0,3,899.61,481
17887.0,1,111.35,30
17888.0,8,726.05,980
17889.0,2,203.87,79
17890.0,2,602.09,416
17891.0,1,203.85999999999999,393
17892.0,3,244.1,109
17893.0,1,112.25,161
17894.0,8,1119.81,405
17895.0,1,98.0,130
17896.0,1,256.32,288
17897.0,3,566.6,229
17898.0,2,152.06,190
17899.0,1,155.8,171
17900.0,2,112.19999999999999,73
17901.0,1,110.38,24
17904.0,1,191.67000000000002,63
17905.0,4,800.24,407
17906.0,1,72.9,26
17908.0,1,243.28,173
17911.0,1,366.23,223
17912.0,5,311.01,185
17913.0,2,411.6,289
17914.0,1,336.43,473
17917.0,3,341.28,187
17919.0,1,1304.04,756
17920.0,17,4204.1,2516
17921.0,4,826.52,430
17923.0,1,207.50000000000003,50
17924.0,7,2962.5,1160
17925.0,1,244.08,72
17926.0,2,397.29,306
17928.0,2,212.54,140
17929.0,4,843.0,108
17930.0,5,1740.48,1594
17931.0,2,408.36,249
17932.0,3,1331.57,789
17934.0,2,704.25,478
17935.0,2,145.79,82
17936.0,1,389.84,262
17937.0,7,4301.22,1754
17939.0,1,99.14,40
17940.0,10,4106.4400000000005,9755
17941.0,1,304.56,252
17942.0,1,77.50000000000001,38
17946.0,2,149.57999999999998,75
17947.0,1,176.68,168
17948.0,1,358.56000000000006,144
17949.0,45,58510.48,30546
17950.0,3,482.2,366
17951.0,3,1008.5400000000001,616
17954.0,12,2332.72,2234
17955.0,4,557.3,273
17956.0,1,12.75,1
17957.0,1,111.68,287
17958.0,1,508.46000000000004,84
17960.0,1,73.78,41
17961.0,39,1296.44,560
17962.0,1,102.83,128
17964.0,2,471.7,301
17965.0,14,2622.57,1556
17966.0,5,1098.43,2571
17967.0,1,123.07,80
17968.0,1,277.35,160
17969.0,2,228.2,152
17970.0,1,582.59,525
17972.0,1,136.04,37
17973.0,1,337.04,176
17974.0,3,740.79,519
17975.0,13,4488.81,1568
17976.0,1,353.19,106
17977.0,1,288.14,342
17978.0,1,300.91999999999996,499
17979.0,4,757.71,397
17980.0,3,811.45,682
17984.0,1,152.68,98
17985.0,1,634.95,183
17986.0,1,20.8,10
17987.0,1,198.57,261
17988.0,7,201.12,43
17990.0,3,630.84,414
17991.0,2,93.35,25
17994.0,4,678.49,497
17995.0,1,76.1,133
17997.0,8,1970.67,2298
17999.0,2,382.06,221
18001.0,2,417.23,363
18004.0,1,169.47,78
18005.0,2,249.72,93
18006.0,1,444.68,220
18008.0,9,2116.19,1581
18009.0,1,257.34,126
18010.0,1,174.8,60
18011.0,1,102.78999999999999,71
18013.0,2,187.29,285
18014.0,1,166.42,68
18015.0,1,120.03,157
18016.0,5,1483.56,1029
18017.0,3,523.0,300
18018.0,2,122.14,55
18019.0,1,38.45,7
18022.0,1,668.11,736
18024.0,2,389.78,184
18027.0,1,115.31,78
18030.0,2,230.64999999999998,67
18032.0,1,73.5,42
18033.0,1,97.97,253
18034.0,2,422.88,561
18035.0,3,730.4,611
18036.0,3,405.62,234
18037.0,6,70.02,20
18040.0,2,357.20000000000005,148
18041.0,21,4183.39,3819
18042.0,1,165.04999999999998,33
18043.0,3,559.51,282
18044.0,10,2088.6,1033
18045.0,1,189.4,142
18048.0,2,172.29000000000002,127
18050.0,1,74.4,40
18053.0,1,300.02,302
18055.0,10,6784.1900000000005,2455
18056.0,1,363.65,211
18058.0,1,170.16,88
18059.0,3,306.46,258
18061.0,10,2119.41,955
18062.0,3,720.52,396
18064.0,2,814.0,384
18065.0,14,2392.83,1027
18066.0,1,318.0,108
18067.0,1,396.33,189
18068.0,1,101.7,6
18069.0,5,2036.67,1311
18071.0,2,453.0,260
18072.0,1,247.44,288
18073.0,12,3877.5200000000004,3108
18074.0,1,489.6,190
18075.0,10,2611.75,1464
18077.0,11,2633.01,1878
18078.0,2,336.13,145
18079.0,4,3651.97,7432
18080.0,2,1231.5,642
18081.0,3,343.45,195
18082.0,1,703.37,621
18084.0,1,90.48,312
18085.0,2,689.95,265
18086.0,1,101.34,106
18087.0,2,4055.7200000000003,3907
18088.0,1,167.67000000000002,109
18092.0,11,9068.26,4252
18093.0,4,2106.52,1392
18094.0,7,3017.3,2518
18095.0,2,580.05,419
18096.0,3,911.15,825
18097.0,6,2697.8,1686
18099.0,1,168.31,149
18101.0,2,223.65,88
18102.0,60,259657.3,64124
18104.0,1,754.64,362
18105.0,1,113.48000000000002,46
18106.0,1,430.7,128
18108.0,1,271.0,84
18109.0,26,8052.97,4237
18110.0,1,236.3,86
18112.0,2,352.69,255
18113.0,1,76.32000000000001,72
18114.0,1,220.1,55
18116.0,8,1418.03,848
18117.0,1,320.71999999999997,618
18118.0,26,5653.82,2882
18119.0,1,181.12,125
18120.0,1,111.15,31
18121.0,2,673.1,450
18122.0,6,1826.21,1234
18123.0,2,589.4399999999999,594
18125.0,4,1142.99,804
18126.0,1,206.83,144
18127.0,3,348.73,188
18129.0,1,112.55000000000001,48
18130.0,3,1059.39,824
18133.0,1,931.5,1350
18135.0,5,681.91,349
18136.0,3,784.33,379
18138.0,1,152.65,38
18139.0,6,8438.34,5557
18142.0,2,1019.52,1276
18143.0,2,1000.16,570
18144.0,12,2888.75,1343
18145.0,4,2861.55,2625
18146.0,2,160.35,153
18147.0,2,179.34,203
18149.0,3,612.0799999999999,310
18150.0,3,566.58,332
18151.0,2,653.35,355
18154.0,2,399.19,255
18155.0,3,371.62,266
18156.0,2,734.94,301
18158.0,2,453.4,354
18159.0,1,530.15,139
18160.0,2,638.0600000000001,294
18161.0,5,1618.69,812
18164.0,1,399.65,184
18165.0,1,302.46,254
18167.0,3,1384.8600000000001,382
18168.0,6,1169.94,594
18169.0,1,202.65,61
18170.0,3,980.3100000000001,409
18171.0,5,1231.31,481
18172.0,20,7561.68,3184
18173.0,4,2106.84,1220
18174.0,1,104.0,50
18176.0,1,476.35,283
18177.0,6,1341.42,710
18178.0,4,1590.81,983
18179.0,6,1793.17,1360
18180.0,6,1843.75,1721
18181.0,1,382.8,146
18183.0,2,632.07,371
18184.0,1,49.8,60
18185.0,1,304.25,183
18188.0,3,2001.04,1168
18189.0,2,1090.24,566
18190.0,2,284.46000000000004,140
18191.0,1,207.8,140
18192.0,1,957.97,339
18193.0,1,243.76,124
18194.0,1,973.84,632
18196.0,2,689.13,433
18198.0,17,5425.56,4074
18200.0,1,163.8,111
18202.0,3,1396.99,581
18203.0,1,160.42000000000002,43
18204.0,3,1993.7,1200
18205.0,2,517.36,192
18209.0,1,139.10000000000002,58
18210.0,6,2621.38,1398
18211.0,5,600.07,359
18212.0,1,248.42,101
18213.0,1,232.48000000000002,232
18215.0,1,299.34000000000003,118
18216.0,1,481.75,200
18217.0,2,621.75,491
18218.0,2,662.08,584
18219.0,10,2069.77,885
18220.0,1,305.28,288
18221.0,5,1041.61,791
18222.0,1,443.0,335
18223.0,14,6484.54,2948
18224.0,1,158.95000000000002,69
18225.0,12,5509.12,3244
18226.0,11,5228.05,3466
18227.0,1,93.75,21
18228.0,2,779.9,238
18229.0,20,7276.9,2488
18230.0,7,2810.2000000000003,1316
18231.0,5,2083.27,821
18232.0,4,592.97,302
18233.0,1,440.0,4
18235.0,3,1796.48,1578
18236.0,6,882.24,403
18237.0,5,987.1,622
18239.0,5,1561.6100000000001,795
18240.0,1,422.58,126
18241.0,17,2073.09,1051
18242.0,4,2232.4900000000002,1017
18245.0,7,2567.06,1788
18246.0,2,596.1,166
18248.0,2,804.02,511
18249.0,1,95.34,128
18250.0,1,349.27,199
18251.0,1,4314.72,7824
18252.0,2,526.67,239
18255.0,1,103.30000000000001,74
18257.0,8,2337.63,1041
18259.0,3,2338.6,714
18260.0,6,2643.2000000000003,1478
18261.0,2,324.24,146
18262.0,1,149.48,182
18263.0,3,1213.16,1468
18265.0,2,801.51,311
18268.0,1,25.5,2
18269.0,1,168.60000000000002,76
18270.0,2,283.15000000000003,101
18272.0,6,3078.58,2050
18273.0,3,204.0,80
18274.0,1,175.92,88
18276.0,1,335.86,186
18277.0,1,110.38,68
18278.0,1,173.9,66
18280.0,1,180.60000000000002,45
18281.0,1,80.82,54
18282.0,2,178.05,103
18283.0,16,2094.88,1397
18287.0,3,1837.28,1586
